<?xml version="1.0" encoding="UTF-8"?>

<ValueSet xmlns="http://hl7.org/fhir">
  <id value="hl7.fhir.ae-survey-status"/>
  <text>
    <status value="generated"/><div xmlns="http://www.w3.org/1999/xhtml"><ul><li>Include these codes as defined in <code>urn:CodeSystem:survey-status</code><table class="none"><tr><td style="white-space:nowrap"><b>Code</b></td><td><b>Display</b></td></tr><tr><td>req-det</td><td>Requested detailed investigation</td></tr><tr><td>N/A</td><td>No further cooperation is available</td></tr></table></li></ul></div>
  </text>
  <url value="https://semalexa.github.io/ig-az/ValueSet/hl7.fhir.ae-survey-status"/>
  <version value="0.1.0"/>
  <name value="SurveyStatus"/>
  <title value="survey status"/>
  <status value="active"/>
  <date value="2020-12-18T10:10:37Z"/>
  <publisher value="AstraZeneca - Adverse Event Work Group"/>
  <contact>
    <telecom>
      <system value="url"/>
      <value value="https://www.astrazeneca.com"/>
    </telecom>
  </contact>
  <jurisdiction>
    <coding>
      <system value="http://unstats.un.org/unsd/methods/m49/m49.htm"/>
      <code value="001"/>
    </coding>
  </jurisdiction>
  <compose>
    <include>
      <system value="urn:CodeSystem:survey-status"/>
      <concept>
        <code value="req-det"/>
        <display value="Requested detailed investigation"/>
      </concept>
      <concept>
        <code value="N/A"/>
        <display value="No further cooperation is available"/>
      </concept>
    </include>
  </compose>
</ValueSet>