<?xml version="1.0" encoding="UTF-8"?>

<ValueSet xmlns="http://hl7.org/fhir">
  <id value="hl7.fhir.ae-condition-seriousness"/>
  <text>
    <status value="generated"/><div xmlns="http://www.w3.org/1999/xhtml"><ul><li>Include these codes as defined in <code>urn:CodeSystem:condition-seriousness</code><table class="none"><tr><td style="white-space:nowrap"><b>Code</b></td><td><b>Display</b></td></tr><tr><td>less-severe</td><td>Less severe</td></tr><tr><td>recovered</td><td>Recovered</td></tr><tr><td>not-recovered</td><td>Not recovered</td></tr><tr><td>recovered-seq</td><td>Recovered with Sequela</td></tr><tr><td>death</td><td>Death</td></tr><tr><td>unknown</td><td>Unknown</td></tr></table></li></ul></div>
  </text>
  <url value="https://semalexa.github.io/ig-az/ValueSet/hl7.fhir.ae-condition-seriousness"/>
  <version value="0.1.0"/>
  <name value="ConditionSeriousness"/>
  <title value="condition seriousness"/>
  <status value="active"/>
  <date value="2020-12-18T10:10:37Z"/>
  <publisher value="AstraZeneca - Adverse Event Work Group"/>
  <contact>
    <telecom>
      <system value="url"/>
      <value value="https://www.astrazeneca.com"/>
    </telecom>
  </contact>
  <jurisdiction>
    <coding>
      <system value="http://unstats.un.org/unsd/methods/m49/m49.htm"/>
      <code value="001"/>
    </coding>
  </jurisdiction>
  <compose>
    <include>
      <system value="urn:CodeSystem:condition-seriousness"/>
      <concept>
        <code value="less-severe"/>
        <display value="Less severe"/>
      </concept>
      <concept>
        <code value="recovered"/>
        <display value="Recovered"/>
      </concept>
      <concept>
        <code value="not-recovered"/>
        <display value="Not recovered"/>
      </concept>
      <concept>
        <code value="recovered-seq"/>
        <display value="Recovered with Sequela"/>
      </concept>
      <concept>
        <code value="death"/>
        <display value="Death"/>
      </concept>
      <concept>
        <code value="unknown"/>
        <display value="Unknown"/>
      </concept>
    </include>
  </compose>
</ValueSet>