<?xml version="1.0" encoding="UTF-8"?><ImplementationGuide xmlns="http://hl7.org/fhir"><id value="example.fhir.az.ig"/><text><status value="extensions"/><div xmlns="http://www.w3.org/1999/xhtml"><h2>AZAdverseEventIG</h2><p>The official URL for this implementation guide is: </p><pre>https://semalexa.github.io/ig-az/ImplementationGuide/example.fhir.az.ig</pre><div><p>AstraZeneca Adverse Event Implementation Guide</p>
</div></div></text><url value="https://semalexa.github.io/ig-az/ImplementationGuide/example.fhir.az.ig"/><version value="0.1.0"/><name value="AZAdverseEventIG"/><title value="AstraZeneca Adverse Event Implementation Guide"/><status value="active"/><experimental value="false"/><date value="2020-12-18T04:12:40-06:00"/><publisher value="AstraZeneca - Adverse Event Work Group"/><contact><telecom><system value="url"/><value value="https://www.astrazeneca.com"/></telecom></contact><description value="AstraZeneca Adverse Event Implementation Guide"/><jurisdiction><coding><system value="http://unstats.un.org/unsd/methods/m49/m49.htm"/><code value="001"/></coding></jurisdiction><packageId value="example.fhir.az.ig"/><license value="ISC"/><fhirVersion value="4.0.1"/><definition><extension url="http://hl7.org/fhir/tools/StructureDefinition/ig-parameter"><extension url="code"><valueString value="copyrightyear"/></extension><extension url="value"><valueString value="2020+"/></extension></extension><extension url="http://hl7.org/fhir/tools/StructureDefinition/ig-parameter"><extension url="code"><valueString value="releaselabel"/></extension><extension url="value"><valueString value="CI Build"/></extension></extension><extension url="http://hl7.org/fhir/tools/StructureDefinition/ig-parameter"><extension url="code"><valueString value="path-liquid"/></extension><extension url="value"><valueString value="templates\liquid"/></extension></extension><extension url="http://hl7.org/fhir/tools/StructureDefinition/ig-parameter"><extension url="code"><valueString value="path-liquid"/></extension><extension url="value"><valueString value="template/liquid"/></extension></extension><extension url="http://hl7.org/fhir/tools/StructureDefinition/ig-parameter"><extension url="code"><valueString value="path-liquid"/></extension><extension url="value"><valueString value="input/liquid"/></extension></extension><extension url="http://hl7.org/fhir/tools/StructureDefinition/ig-parameter"><extension url="code"><valueString value="path-qa"/></extension><extension url="value"><valueString value="temp/qa"/></extension></extension><extension url="http://hl7.org/fhir/tools/StructureDefinition/ig-parameter"><extension url="code"><valueString value="path-temp"/></extension><extension url="value"><valueString value="temp/pages"/></extension></extension><extension url="http://hl7.org/fhir/tools/StructureDefinition/ig-parameter"><extension url="code"><valueString value="path-output"/></extension><extension url="value"><valueString value="output"/></extension></extension><extension url="http://hl7.org/fhir/tools/StructureDefinition/ig-parameter"><extension url="code"><valueString value="path-suppressed-warnings"/></extension><extension url="value"><valueString value="input/ignoreWarnings.txt"/></extension></extension><extension url="http://hl7.org/fhir/tools/StructureDefinition/ig-parameter"><extension url="code"><valueString value="path-history"/></extension><extension url="value"><valueString value="https://semalexa.github.io/ig-az/history.html"/></extension></extension><extension url="http://hl7.org/fhir/tools/StructureDefinition/ig-parameter"><extension url="code"><valueString value="template-html"/></extension><extension url="value"><valueString value="template-page.html"/></extension></extension><extension url="http://hl7.org/fhir/tools/StructureDefinition/ig-parameter"><extension url="code"><valueString value="template-md"/></extension><extension url="value"><valueString value="template-page-md.html"/></extension></extension><extension url="http://hl7.org/fhir/tools/StructureDefinition/ig-parameter"><extension url="code"><valueString value="apply-contact"/></extension><extension url="value"><valueString value="true"/></extension></extension><extension url="http://hl7.org/fhir/tools/StructureDefinition/ig-parameter"><extension url="code"><valueString value="apply-context"/></extension><extension url="value"><valueString value="true"/></extension></extension><extension url="http://hl7.org/fhir/tools/StructureDefinition/ig-parameter"><extension url="code"><valueString value="apply-copyright"/></extension><extension url="value"><valueString value="true"/></extension></extension><extension url="http://hl7.org/fhir/tools/StructureDefinition/ig-parameter"><extension url="code"><valueString value="apply-jurisdiction"/></extension><extension url="value"><valueString value="true"/></extension></extension><extension url="http://hl7.org/fhir/tools/StructureDefinition/ig-parameter"><extension url="code"><valueString value="apply-license"/></extension><extension url="value"><valueString value="true"/></extension></extension><extension url="http://hl7.org/fhir/tools/StructureDefinition/ig-parameter"><extension url="code"><valueString value="apply-publisher"/></extension><extension url="value"><valueString value="true"/></extension></extension><extension url="http://hl7.org/fhir/tools/StructureDefinition/ig-parameter"><extension url="code"><valueString value="apply-version"/></extension><extension url="value"><valueString value="true"/></extension></extension><extension url="http://hl7.org/fhir/tools/StructureDefinition/ig-parameter"><extension url="code"><valueString value="active-tables"/></extension><extension url="value"><valueString value="true"/></extension></extension><grouping id="_str_profile"><name value="Structures: Resource Profiles"/><description value="These define constraints on FHIR resources for systems conforming to this implementation guide"/></grouping><grouping id="_str_datatype"><name value="Structures: Data Type Profiles"/><description value="These define constraints on FHIR data types for systems conforming to this implementation guide"/></grouping><grouping id="_str_extension"><name value="Structures: Extension Definitions"/><description value="These define constraints on FHIR data types for systems conforming to this implementation guide"/></grouping><grouping id="_term_valueset"><name value="Terminology: Value Sets"/><description value="These define sets of codes used by systems conforming to this implementation guide"/></grouping><resource><extension url="http://hl7.org/fhir/StructureDefinition/implementationguide-page"><valueUri value="StructureDefinition-hl7.fhir.ae-Address.html"/></extension><reference><reference value="StructureDefinition/hl7.fhir.ae-Address"/></reference><name value="AZ Address Profile"/><description value="AZAddress"/><groupingId value="_str_datatype"/></resource><resource><extension url="http://hl7.org/fhir/StructureDefinition/implementationguide-page"><valueUri value="StructureDefinition-hl7.fhir.ae-Address-region.html"/></extension><reference><reference value="StructureDefinition/hl7.fhir.ae-Address-region"/></reference><name value="AZ Address Region Extension"/><description value="hl7.fhir.ae-Address-region"/><groupingId value="_str_extension"/></resource><resource><extension url="http://hl7.org/fhir/StructureDefinition/implementationguide-page"><valueUri value="StructureDefinition-hl7.fhir.ae-AdverseEvent.html"/></extension><reference><reference value="StructureDefinition/hl7.fhir.ae-AdverseEvent"/></reference><name value="AZ AdverseEvent Profile"/><description value="AZAdverseEvent"/><groupingId value="_str_profile"/></resource><resource><extension url="http://hl7.org/fhir/StructureDefinition/implementationguide-page"><valueUri value="StructureDefinition-hl7.fhir.ae-AdverseEvent-AZEmployeeReporter.html"/></extension><reference><reference value="StructureDefinition/hl7.fhir.ae-AdverseEvent-AZEmployeeReporter"/></reference><name value="AZ Employee Reporter Extension"/><description value="hl7.fhir.ae-AdverseEvent-AZEmployeeReporter"/><groupingId value="_str_extension"/></resource><resource><extension url="http://hl7.org/fhir/StructureDefinition/implementationguide-page"><valueUri value="StructureDefinition-hl7.fhir.ae-AdverseEvent-lateReason.html"/></extension><reference><reference value="StructureDefinition/hl7.fhir.ae-AdverseEvent-lateReason"/></reference><name value="AZ Late Reason Extension"/><description value="hl7.fhir.ae-AdverseEvent-lateReason"/><groupingId value="_str_extension"/></resource><resource><extension url="http://hl7.org/fhir/StructureDefinition/implementationguide-page"><valueUri value="StructureDefinition-hl7.fhir.ae-AdverseEvent-localReference.html"/></extension><reference><reference value="StructureDefinition/hl7.fhir.ae-AdverseEvent-localReference"/></reference><name value="AZ Local Ref No Extension"/><description value="hl7.fhir.ae-AdverseEvent-localReference"/><groupingId value="_str_extension"/></resource><resource><extension url="http://hl7.org/fhir/StructureDefinition/implementationguide-page"><valueUri value="StructureDefinition-hl7.fhir.ae-AdverseEvent-positiveDechallenge.html"/></extension><reference><reference value="StructureDefinition/hl7.fhir.ae-AdverseEvent-positiveDechallenge"/></reference><name value="AZ Positive Dechallenge Extension"/><description value="hl7.fhir.ae-AdverseEvent-positiveDechallenge"/><groupingId value="_str_extension"/></resource><resource><extension url="http://hl7.org/fhir/StructureDefinition/implementationguide-page"><valueUri value="StructureDefinition-hl7.fhir.ae-AdverseEvent-positiveRechallenge.html"/></extension><reference><reference value="StructureDefinition/hl7.fhir.ae-AdverseEvent-positiveRechallenge"/></reference><name value="AZ Positive Rechallenge Extension"/><description value="hl7.fhir.ae-AdverseEvent-positiveRechallenge"/><groupingId value="_str_extension"/></resource><resource><extension url="http://hl7.org/fhir/StructureDefinition/implementationguide-page"><valueUri value="StructureDefinition-hl7.fhir.ae-AdverseEvent-programNumber.html"/></extension><reference><reference value="StructureDefinition/hl7.fhir.ae-AdverseEvent-programNumber"/></reference><name value="AZ Program Number Extension"/><description value="hl7.fhir.ae-AdverseEvent-programNumber"/><groupingId value="_str_extension"/></resource><resource><extension url="http://hl7.org/fhir/StructureDefinition/implementationguide-page"><valueUri value="StructureDefinition-hl7.fhir.ae-AdverseEvent-rechallenge.html"/></extension><reference><reference value="StructureDefinition/hl7.fhir.ae-AdverseEvent-rechallenge"/></reference><name value="AZ Rechallenge Extension"/><description value="hl7.fhir.ae-AdverseEvent-rechallenge"/><groupingId value="_str_extension"/></resource><resource><extension url="http://hl7.org/fhir/StructureDefinition/implementationguide-page"><valueUri value="StructureDefinition-hl7.fhir.ae-AdverseEvent-reporterType.html"/></extension><reference><reference value="StructureDefinition/hl7.fhir.ae-AdverseEvent-reporterType"/></reference><name value="AZ Reporter Type Extension"/><description value="hl7.fhir.ae-AdverseEvent-reporterType"/><groupingId value="_str_extension"/></resource><resource><extension url="http://hl7.org/fhir/StructureDefinition/implementationguide-page"><valueUri value="StructureDefinition-hl7.fhir.ae-AdverseEvent-sourceType.html"/></extension><reference><reference value="StructureDefinition/hl7.fhir.ae-AdverseEvent-sourceType"/></reference><name value="AZ Source Type Extension"/><description value="hl7.fhir.ae-AdverseEvent-sourceType"/><groupingId value="_str_extension"/></resource><resource><extension url="http://hl7.org/fhir/StructureDefinition/implementationguide-page"><valueUri value="StructureDefinition-hl7.fhir.ae-AdverseEvent-surveyStatus.html"/></extension><reference><reference value="StructureDefinition/hl7.fhir.ae-AdverseEvent-surveyStatus"/></reference><name value="AZ Survey Status Extension"/><description value="hl7.fhir.ae-AdverseEvent-surveyStatus"/><groupingId value="_str_extension"/></resource><resource><extension url="http://hl7.org/fhir/StructureDefinition/implementationguide-page"><valueUri value="StructureDefinition-hl7.fhir.ae-Condition.html"/></extension><reference><reference value="StructureDefinition/hl7.fhir.ae-Condition"/></reference><name value="AZ Condition Profile"/><description value="hl7.fhir.ae-Condition"/><groupingId value="_str_profile"/></resource><resource><extension url="http://hl7.org/fhir/StructureDefinition/implementationguide-page"><valueUri value="StructureDefinition-hl7.fhir.ae-Condition-duration.html"/></extension><reference><reference value="StructureDefinition/hl7.fhir.ae-Condition-duration"/></reference><name value="AZ Condition Duration Extension"/><description value="hl7.fhir.ae-Condition-duration"/><groupingId value="_str_extension"/></resource><resource><extension url="http://hl7.org/fhir/StructureDefinition/implementationguide-page"><valueUri value="StructureDefinition-hl7.fhir.ae-Condition-outcome.html"/></extension><reference><reference value="StructureDefinition/hl7.fhir.ae-Condition-outcome"/></reference><name value="AZ Condition Outcome Extension"/><description value="hl7.fhir.ae-Condition-outcome"/><groupingId value="_str_extension"/></resource><resource><extension url="http://hl7.org/fhir/StructureDefinition/implementationguide-page"><valueUri value="StructureDefinition-hl7.fhir.ae-Condition-resultingCondition.html"/></extension><reference><reference value="StructureDefinition/hl7.fhir.ae-Condition-resultingCondition"/></reference><name value="AZ Resulting Condition Extension"/><description value="hl7.fhir.ae-Condition-resultingCondition"/><groupingId value="_str_extension"/></resource><resource><extension url="http://hl7.org/fhir/StructureDefinition/implementationguide-page"><valueUri value="StructureDefinition-hl7.fhir.ae-Condition-seriousness.html"/></extension><reference><reference value="StructureDefinition/hl7.fhir.ae-Condition-seriousness"/></reference><name value="AZ Condition Seriousness Extension"/><description value="hl7.fhir.ae-Condition-seriousness"/><groupingId value="_str_extension"/></resource><resource><extension url="http://hl7.org/fhir/StructureDefinition/implementationguide-page"><valueUri value="StructureDefinition-hl7.fhir.ae-HumanName.html"/></extension><reference><reference value="StructureDefinition/hl7.fhir.ae-HumanName"/></reference><name value="AZ HumanName Profile"/><description value="hl7.fhir.ae-HumanName"/><groupingId value="_str_datatype"/></resource><resource><extension url="http://hl7.org/fhir/StructureDefinition/implementationguide-page"><valueUri value="StructureDefinition-hl7.fhir.ae-HumanName-salutation.html"/></extension><reference><reference value="StructureDefinition/hl7.fhir.ae-HumanName-salutation"/></reference><name value="AZ Name salutation Extension"/><description value="hl7.fhir.ae-HumanName-salutation"/><groupingId value="_str_extension"/></resource><resource><extension url="http://hl7.org/fhir/StructureDefinition/implementationguide-page"><valueUri value="StructureDefinition-hl7.fhir.ae-MedicationAdministration.html"/></extension><reference><reference value="StructureDefinition/hl7.fhir.ae-MedicationAdministration"/></reference><name value="AZ MedicationAdministration Profile"/><description value="hl7.fhir.ae-MedicationAdministration"/><groupingId value="_str_profile"/></resource><resource><extension url="http://hl7.org/fhir/StructureDefinition/implementationguide-page"><valueUri value="StructureDefinition-hl7.fhir.ae-MedicationAdministration-actionTaken.html"/></extension><reference><reference value="StructureDefinition/hl7.fhir.ae-MedicationAdministration-actionTaken"/></reference><name value="AZ MedicationAdministration Action Taken Extension"/><description value="hl7.fhir.ae-MedicationAdministration-actionTaken"/><groupingId value="_str_extension"/></resource><resource><extension url="http://hl7.org/fhir/StructureDefinition/implementationguide-page"><valueUri value="StructureDefinition-hl7.fhir.ae-MedicationAdministration-frequency.html"/></extension><reference><reference value="StructureDefinition/hl7.fhir.ae-MedicationAdministration-frequency"/></reference><name value="AZ MedicationAdministration Dosage Frequency Extension"/><description value="hl7.fhir.ae-MedicationAdministration-frequency"/><groupingId value="_str_extension"/></resource><resource><extension url="http://hl7.org/fhir/StructureDefinition/implementationguide-page"><valueUri value="StructureDefinition-hl7.fhir.ae-MedicationAdministration-operatorDevice.html"/></extension><reference><reference value="StructureDefinition/hl7.fhir.ae-MedicationAdministration-operatorDevice"/></reference><name value="AZ MedicationAdministration Operator Device Extension"/><description value="hl7.fhir.ae-MedicationAdministration-operatorDevice"/><groupingId value="_str_extension"/></resource><resource><extension url="http://hl7.org/fhir/StructureDefinition/implementationguide-page"><valueUri value="StructureDefinition-hl7.fhir.ae-MedicationAdministration-operatorDeviceOther.html"/></extension><reference><reference value="StructureDefinition/hl7.fhir.ae-MedicationAdministration-operatorDeviceOther"/></reference><name value="AZ MedicationAdministration Operator Device Other Extension"/><description value="hl7.fhir.ae-MedicationAdministration-operatorDeviceOther"/><groupingId value="_str_extension"/></resource><resource><extension url="http://hl7.org/fhir/StructureDefinition/implementationguide-page"><valueUri value="StructureDefinition-hl7.fhir.ae-MedicationAdministration-productType.html"/></extension><reference><reference value="StructureDefinition/hl7.fhir.ae-MedicationAdministration-productType"/></reference><name value="AZ MedicationAdministration Product Type Extension"/><description value="hl7.fhir.ae-MedicationAdministration-productType"/><groupingId value="_str_extension"/></resource><resource><extension url="http://hl7.org/fhir/StructureDefinition/implementationguide-page"><valueUri value="StructureDefinition-hl7.fhir.ae-MedicationAdministration-unit.html"/></extension><reference><reference value="StructureDefinition/hl7.fhir.ae-MedicationAdministration-unit"/></reference><name value="AZ MedicationAdministration Dosage Unit Extension"/><description value="hl7.fhir.ae-MedicationAdministration-unit"/><groupingId value="_str_extension"/></resource><resource><extension url="http://hl7.org/fhir/StructureDefinition/implementationguide-page"><valueUri value="StructureDefinition-hl7.fhir.ae-Observation.html"/></extension><reference><reference value="StructureDefinition/hl7.fhir.ae-Observation"/></reference><name value="AZ Observation Profile"/><description value="hl7.fhir.ae-Observation"/><groupingId value="_str_profile"/></resource><resource><extension url="http://hl7.org/fhir/StructureDefinition/implementationguide-page"><valueUri value="StructureDefinition-hl7.fhir.ae-Observation-pregnancyDueDate.html"/></extension><reference><reference value="StructureDefinition/hl7.fhir.ae-Observation-pregnancyDueDate"/></reference><name value="AZ Pregnancy Due Date Extension"/><description value="hl7.fhir.ae-Observation-pregnancyDueDate"/><groupingId value="_str_extension"/></resource><resource><extension url="http://hl7.org/fhir/StructureDefinition/implementationguide-page"><valueUri value="StructureDefinition-hl7.fhir.ae-Observation-pregnancyFlag.html"/></extension><reference><reference value="StructureDefinition/hl7.fhir.ae-Observation-pregnancyFlag"/></reference><name value="AZ Pregnancy Extension"/><description value="hl7.fhir.ae-Observation-pregnancyFlag"/><groupingId value="_str_extension"/></resource><resource><extension url="http://hl7.org/fhir/StructureDefinition/implementationguide-page"><valueUri value="StructureDefinition-hl7.fhir.ae-Observation-previousPregnanciesDetails.html"/></extension><reference><reference value="StructureDefinition/hl7.fhir.ae-Observation-previousPregnanciesDetails"/></reference><name value="AZ Details of previous pregnancies Extension"/><description value="hl7.fhir.ae-Observation-previousPregnanciesDetails"/><groupingId value="_str_extension"/></resource><resource><extension url="http://hl7.org/fhir/StructureDefinition/implementationguide-page"><valueUri value="StructureDefinition-hl7.fhir.ae-Patient.html"/></extension><reference><reference value="StructureDefinition/hl7.fhir.ae-Patient"/></reference><name value="AZ Patient Profile"/><description value="hl7.fhir.ae-Patient"/><groupingId value="_str_profile"/></resource><resource><extension url="http://hl7.org/fhir/StructureDefinition/implementationguide-page"><valueUri value="StructureDefinition-hl7.fhir.ae-Patient-ageGroup.html"/></extension><reference><reference value="StructureDefinition/hl7.fhir.ae-Patient-ageGroup"/></reference><name value="AZ Patient Age Group Extension"/><description value="hl7.fhir.ae-Patient-ageGroup"/><groupingId value="_str_extension"/></resource><resource><extension url="http://hl7.org/fhir/StructureDefinition/implementationguide-page"><valueUri value="StructureDefinition-hl7.fhir.ae-Patient-consentToContactPatient.html"/></extension><reference><reference value="StructureDefinition/hl7.fhir.ae-Patient-consentToContactPatient"/></reference><name value="AZ Patient Consent to Contact Extension"/><description value="hl7.fhir.ae-Patient-consentToContactPatient"/><groupingId value="_str_extension"/></resource><resource><extension url="http://hl7.org/fhir/StructureDefinition/implementationguide-page"><valueUri value="StructureDefinition-hl7.fhir.ae-Patient-ethnicity.html"/></extension><reference><reference value="StructureDefinition/hl7.fhir.ae-Patient-ethnicity"/></reference><name value="AZ Patient Ethnicity Extension"/><description value="hl7.fhir.ae-Patient-ethnicity"/><groupingId value="_str_extension"/></resource><resource><extension url="http://hl7.org/fhir/StructureDefinition/implementationguide-page"><valueUri value="StructureDefinition-hl7.fhir.ae-Patient-gender.html"/></extension><reference><reference value="StructureDefinition/hl7.fhir.ae-Patient-gender"/></reference><name value="AZ Patient Gender Extension"/><description value="hl7.fhir.ae-Patient-gender"/><groupingId value="_str_extension"/></resource><resource><extension url="http://hl7.org/fhir/StructureDefinition/implementationguide-page"><valueUri value="StructureDefinition-hl7.fhir.ae-Patient-patientAge.html"/></extension><reference><reference value="StructureDefinition/hl7.fhir.ae-Patient-patientAge"/></reference><name value="AZ Patient Age Extension"/><description value="hl7.fhir.ae-Patient-patientAge"/><groupingId value="_str_extension"/></resource><resource><extension url="http://hl7.org/fhir/StructureDefinition/implementationguide-page"><valueUri value="StructureDefinition-hl7.fhir.ae-Practitioner.html"/></extension><reference><reference value="StructureDefinition/hl7.fhir.ae-Practitioner"/></reference><name value="AZ Practitioner Profile"/><description value="hl7.fhir.ae-Practitioner"/><groupingId value="_str_profile"/></resource><resource><extension url="http://hl7.org/fhir/StructureDefinition/implementationguide-page"><valueUri value="StructureDefinition-hl7.fhir.ae-Practitioner-consentToContactPractitioner.html"/></extension><reference><reference value="StructureDefinition/hl7.fhir.ae-Practitioner-consentToContactPractitioner"/></reference><name value="AZ Practitioner Consent to Contact Extension"/><description value="hl7.fhir.ae-Practitioner-consentToContactPractitioner"/><groupingId value="_str_extension"/></resource><resource><extension url="http://hl7.org/fhir/StructureDefinition/implementationguide-page"><valueUri value="StructureDefinition-hl7.fhir.ae-RelatedPerson.html"/></extension><reference><reference value="StructureDefinition/hl7.fhir.ae-RelatedPerson"/></reference><name value="AZ RelatedPerson Profile"/><description value="hl7.fhir.ae-RelatedPerson"/><groupingId value="_str_profile"/></resource><resource><extension url="http://hl7.org/fhir/StructureDefinition/implementationguide-page"><valueUri value="StructureDefinition-hl7.fhir.ae-RelatedPerson-consentToContactReporter.html"/></extension><reference><reference value="StructureDefinition/hl7.fhir.ae-RelatedPerson-consentToContactReporter"/></reference><name value="AZ RelatedPerson Consent to Contact Extension"/><description value="hl7.fhir.ae-RelatedPerson-consentToContactReporter"/><groupingId value="_str_extension"/></resource><resource><extension url="http://hl7.org/fhir/StructureDefinition/implementationguide-page"><valueUri value="ValueSet-hl7.fhir.ae-condition-outcome.html"/></extension><reference><reference value="ValueSet/hl7.fhir.ae-condition-outcome"/></reference><name value="Value set hl7.fhir.ae-condition-outcome"/><groupingId value="_term_valueset"/></resource><resource><extension url="http://hl7.org/fhir/StructureDefinition/implementationguide-page"><valueUri value="ValueSet-hl7.fhir.ae-condition-seriousness.html"/></extension><reference><reference value="ValueSet/hl7.fhir.ae-condition-seriousness"/></reference><name value="Value set hl7.fhir.ae-condition-seriousness"/><groupingId value="_term_valueset"/></resource><resource><extension url="http://hl7.org/fhir/StructureDefinition/implementationguide-page"><valueUri value="ValueSet-hl7.fhir.ae-detailed-ethnicity.html"/></extension><reference><reference value="ValueSet/hl7.fhir.ae-detailed-ethnicity"/></reference><name value="Value set hl7.fhir.ae-detailed-ethnicity"/><groupingId value="_term_valueset"/></resource><resource><extension url="http://hl7.org/fhir/StructureDefinition/implementationguide-page"><valueUri value="ValueSet-hl7.fhir.ae-intelligent-source.html"/></extension><reference><reference value="ValueSet/hl7.fhir.ae-intelligent-source"/></reference><name value="Value set hl7.fhir.ae-intelligent-source"/><groupingId value="_term_valueset"/></resource><resource><extension url="http://hl7.org/fhir/StructureDefinition/implementationguide-page"><valueUri value="ValueSet-hl7.fhir.ae-resulting-condition.html"/></extension><reference><reference value="ValueSet/hl7.fhir.ae-resulting-condition"/></reference><name value="Value set hl7.fhir.ae-resulting-condition"/><groupingId value="_term_valueset"/></resource><resource><extension url="http://hl7.org/fhir/StructureDefinition/implementationguide-page"><valueUri value="ValueSet-hl7.fhir.ae-survey-status.html"/></extension><reference><reference value="ValueSet/hl7.fhir.ae-survey-status"/></reference><name value="Value set hl7.fhir.ae-survey-status"/><groupingId value="_term_valueset"/></resource><page><nameUrl value="toc.html"/><title value="Table of Contents"/><generation value="html"/><page><nameUrl value="index.html"/><title value="AZ IG Home Page"/><generation value="html"/></page><page><nameUrl value="background.html"/><title value="Background"/><generation value="html"/></page><page><nameUrl value="spec.html"/><title value="Detailed Specification"/><generation value="markdown"/></page><page><nameUrl value="downloads.html"/><title value="Useful Downloads"/><generation value="html"/></page><page><nameUrl value="artifacts.html"/><title value="Artifacts Summary"/><generation value="html"/><page><nameUrl value="StructureDefinition-hl7.fhir.ae-AdverseEvent.html"/><title value="AZ AdverseEvent Profile"/><generation value="generated"/></page><page><nameUrl value="StructureDefinition-hl7.fhir.ae-Condition.html"/><title value="AZ Condition Profile"/><generation value="generated"/></page><page><nameUrl value="StructureDefinition-hl7.fhir.ae-MedicationAdministration.html"/><title value="AZ MedicationAdministration Profile"/><generation value="generated"/></page><page><nameUrl value="StructureDefinition-hl7.fhir.ae-Observation.html"/><title value="AZ Observation Profile"/><generation value="generated"/></page><page><nameUrl value="StructureDefinition-hl7.fhir.ae-Patient.html"/><title value="AZ Patient Profile"/><generation value="generated"/></page><page><nameUrl value="StructureDefinition-hl7.fhir.ae-Practitioner.html"/><title value="AZ Practitioner Profile"/><generation value="generated"/></page><page><nameUrl value="StructureDefinition-hl7.fhir.ae-RelatedPerson.html"/><title value="AZ RelatedPerson Profile"/><generation value="generated"/></page><page><nameUrl value="StructureDefinition-hl7.fhir.ae-Address.html"/><title value="AZ Address Profile"/><generation value="generated"/></page><page><nameUrl value="StructureDefinition-hl7.fhir.ae-HumanName.html"/><title value="AZ HumanName Profile"/><generation value="generated"/></page><page><nameUrl value="StructureDefinition-hl7.fhir.ae-Address-region.html"/><title value="AZ Address Region Extension"/><generation value="generated"/></page><page><nameUrl value="StructureDefinition-hl7.fhir.ae-AdverseEvent-AZEmployeeReporter.html"/><title value="AZ Employee Reporter Extension"/><generation value="generated"/></page><page><nameUrl value="StructureDefinition-hl7.fhir.ae-AdverseEvent-lateReason.html"/><title value="AZ Late Reason Extension"/><generation value="generated"/></page><page><nameUrl value="StructureDefinition-hl7.fhir.ae-AdverseEvent-localReference.html"/><title value="AZ Local Ref No Extension"/><generation value="generated"/></page><page><nameUrl value="StructureDefinition-hl7.fhir.ae-AdverseEvent-positiveDechallenge.html"/><title value="AZ Positive Dechallenge Extension"/><generation value="generated"/></page><page><nameUrl value="StructureDefinition-hl7.fhir.ae-AdverseEvent-positiveRechallenge.html"/><title value="AZ Positive Rechallenge Extension"/><generation value="generated"/></page><page><nameUrl value="StructureDefinition-hl7.fhir.ae-AdverseEvent-programNumber.html"/><title value="AZ Program Number Extension"/><generation value="generated"/></page><page><nameUrl value="StructureDefinition-hl7.fhir.ae-AdverseEvent-rechallenge.html"/><title value="AZ Rechallenge Extension"/><generation value="generated"/></page><page><nameUrl value="StructureDefinition-hl7.fhir.ae-AdverseEvent-reporterType.html"/><title value="AZ Reporter Type Extension"/><generation value="generated"/></page><page><nameUrl value="StructureDefinition-hl7.fhir.ae-AdverseEvent-sourceType.html"/><title value="AZ Source Type Extension"/><generation value="generated"/></page><page><nameUrl value="StructureDefinition-hl7.fhir.ae-AdverseEvent-surveyStatus.html"/><title value="AZ Survey Status Extension"/><generation value="generated"/></page><page><nameUrl value="StructureDefinition-hl7.fhir.ae-Condition-duration.html"/><title value="AZ Condition Duration Extension"/><generation value="generated"/></page><page><nameUrl value="StructureDefinition-hl7.fhir.ae-Condition-outcome.html"/><title value="AZ Condition Outcome Extension"/><generation value="generated"/></page><page><nameUrl value="StructureDefinition-hl7.fhir.ae-Condition-resultingCondition.html"/><title value="AZ Resulting Condition Extension"/><generation value="generated"/></page><page><nameUrl value="StructureDefinition-hl7.fhir.ae-Condition-seriousness.html"/><title value="AZ Condition Seriousness Extension"/><generation value="generated"/></page><page><nameUrl value="StructureDefinition-hl7.fhir.ae-HumanName-salutation.html"/><title value="AZ Name salutation Extension"/><generation value="generated"/></page><page><nameUrl value="StructureDefinition-hl7.fhir.ae-MedicationAdministration-actionTaken.html"/><title value="AZ MedicationAdministration Action Taken Extension"/><generation value="generated"/></page><page><nameUrl value="StructureDefinition-hl7.fhir.ae-MedicationAdministration-frequency.html"/><title value="AZ MedicationAdministration Dosage Frequency Extension"/><generation value="generated"/></page><page><nameUrl value="StructureDefinition-hl7.fhir.ae-MedicationAdministration-operatorDevice.html"/><title value="AZ MedicationAdministration Operator Device Extension"/><generation value="generated"/></page><page><nameUrl value="StructureDefinition-hl7.fhir.ae-MedicationAdministration-operatorDeviceOther.html"/><title value="AZ MedicationAdministration Operator Device Other Extension"/><generation value="generated"/></page><page><nameUrl value="StructureDefinition-hl7.fhir.ae-MedicationAdministration-productType.html"/><title value="AZ MedicationAdministration Product Type Extension"/><generation value="generated"/></page><page><nameUrl value="StructureDefinition-hl7.fhir.ae-MedicationAdministration-unit.html"/><title value="AZ MedicationAdministration Dosage Unit Extension"/><generation value="generated"/></page><page><nameUrl value="StructureDefinition-hl7.fhir.ae-Observation-pregnancyDueDate.html"/><title value="AZ Pregnancy Due Date Extension"/><generation value="generated"/></page><page><nameUrl value="StructureDefinition-hl7.fhir.ae-Observation-pregnancyFlag.html"/><title value="AZ Pregnancy Extension"/><generation value="generated"/></page><page><nameUrl value="StructureDefinition-hl7.fhir.ae-Observation-previousPregnanciesDetails.html"/><title value="AZ Details of previous pregnancies Extension"/><generation value="generated"/></page><page><nameUrl value="StructureDefinition-hl7.fhir.ae-Patient-ageGroup.html"/><title value="AZ Patient Age Group Extension"/><generation value="generated"/></page><page><nameUrl value="StructureDefinition-hl7.fhir.ae-Patient-consentToContactPatient.html"/><title value="AZ Patient Consent to Contact Extension"/><generation value="generated"/></page><page><nameUrl value="StructureDefinition-hl7.fhir.ae-Patient-ethnicity.html"/><title value="AZ Patient Ethnicity Extension"/><generation value="generated"/></page><page><nameUrl value="StructureDefinition-hl7.fhir.ae-Patient-gender.html"/><title value="AZ Patient Gender Extension"/><generation value="generated"/></page><page><nameUrl value="StructureDefinition-hl7.fhir.ae-Patient-patientAge.html"/><title value="AZ Patient Age Extension"/><generation value="generated"/></page><page><nameUrl value="StructureDefinition-hl7.fhir.ae-Practitioner-consentToContactPractitioner.html"/><title value="AZ Practitioner Consent to Contact Extension"/><generation value="generated"/></page><page><nameUrl value="StructureDefinition-hl7.fhir.ae-RelatedPerson-consentToContactReporter.html"/><title value="AZ RelatedPerson Consent to Contact Extension"/><generation value="generated"/></page><page><nameUrl value="ValueSet-hl7.fhir.ae-condition-outcome.html"/><title value="Value set hl7.fhir.ae-condition-outcome"/><generation value="generated"/></page><page><nameUrl value="ValueSet-hl7.fhir.ae-condition-seriousness.html"/><title value="Value set hl7.fhir.ae-condition-seriousness"/><generation value="generated"/></page><page><nameUrl value="ValueSet-hl7.fhir.ae-detailed-ethnicity.html"/><title value="Value set hl7.fhir.ae-detailed-ethnicity"/><generation value="generated"/></page><page><nameUrl value="ValueSet-hl7.fhir.ae-intelligent-source.html"/><title value="Value set hl7.fhir.ae-intelligent-source"/><generation value="generated"/></page><page><nameUrl value="ValueSet-hl7.fhir.ae-resulting-condition.html"/><title value="Value set hl7.fhir.ae-resulting-condition"/><generation value="generated"/></page><page><nameUrl value="ValueSet-hl7.fhir.ae-survey-status.html"/><title value="Value set hl7.fhir.ae-survey-status"/><generation value="generated"/></page></page></page><parameter><code value="path-resource"/><value value="input/capabilities"/></parameter><parameter><code value="path-resource"/><value value="input/examples"/></parameter><parameter><code value="path-resource"/><value value="input/extensions"/></parameter><parameter><code value="path-resource"/><value value="input/models"/></parameter><parameter><code value="path-resource"/><value value="input/operations"/></parameter><parameter><code value="path-resource"/><value value="input/profiles"/></parameter><parameter><code value="path-resource"/><value value="input/resources"/></parameter><parameter><code value="path-resource"/><value value="input/vocabulary"/></parameter><parameter><code value="path-resource"/><value value="input/maps"/></parameter><parameter><code value="path-resource"/><value value="input/testing"/></parameter><parameter><code value="path-resource"/><value value="input/history"/></parameter><parameter><code value="path-resource"/><value value="fsh-generated/resources"/></parameter><parameter><code value="path-pages"/><value value="template/config"/></parameter><parameter><code value="path-pages"/><value value="input/images"/></parameter><parameter><code value="path-tx-cache"/><value value="input-cache/txcache"/></parameter></definition></ImplementationGuide>