<?xml version="1.0" encoding="UTF-8"?><ValueSet xmlns="http://hl7.org/fhir"><id value="hl7.fhir.ae-condition-outcome"/><text><status value="generated"/><div xmlns="http://www.w3.org/1999/xhtml"><ul><li>Include these codes as defined in <code>urn:CodeSystem:condition-outcome</code><table class="none"><tr><td style="white-space:nowrap"><b>Code</b></td><td><b>Display</b></td></tr><tr><td>resolved</td><td>Resolved</td></tr><tr><td>recovering</td><td>Recovering</td></tr><tr><td>ongoing</td><td>Ongoing</td></tr><tr><td>resolvedWithSequelae</td><td>Resolved with Sequelae</td></tr><tr><td>fatal</td><td>Fatal</td></tr><tr><td>unknown</td><td>Unknown</td></tr></table></li></ul></div></text><url value="https://semalexa.github.io/ig-az/ValueSet/hl7.fhir.ae-condition-outcome"/><version value="0.1.0"/><name value="ConditionOutcome"/><title value="condition outcome"/><status value="active"/><date value="2020-12-18T10:10:37Z"/><publisher value="AstraZeneca - Adverse Event Work Group"/><contact><telecom><system value="url"/><value value="https://www.astrazeneca.com"/></telecom></contact><jurisdiction><coding><system value="http://unstats.un.org/unsd/methods/m49/m49.htm"/><code value="001"/></coding></jurisdiction><compose><include><system value="urn:CodeSystem:condition-outcome"/><concept><code value="resolved"/><display value="Resolved"/></concept><concept><code value="recovering"/><display value="Recovering"/></concept><concept><code value="ongoing"/><display value="Ongoing"/></concept><concept><code value="resolvedWithSequelae"/><display value="Resolved with Sequelae"/></concept><concept><code value="fatal"/><display value="Fatal"/></concept><concept><code value="unknown"/><display value="Unknown"/></concept></include></compose></ValueSet>