{"compose":{"include":[{"system":"urn:CodeSystem:condition-outcome","concept":[{"code":"resolved","display":"Resolved"},{"code":"recovering","display":"Recovering"},{"code":"ongoing","display":"Ongoing"},{"code":"resolvedWithSequelae","display":"Resolved with Sequelae"},{"code":"fatal","display":"Fatal"},{"code":"unknown","display":"Unknown"},{"code":"recovered","display":"Recovered"}]}]},"resourceType":"ValueSet","id":"condition-outcome","url":"https://healthsamurai.github.io/ig-ae/ValueSet/nullcondition-outcome","name":"ConditionOutcome","title":"condition outcome","status":"active","date":"2021-01-29T02:52:48Z"}