{
  "resourceType": "ImplementationGuide",
  "id": "example.fhir.az.ig",
  "text": {
    "status": "extensions",
    "div": "<div xmlns=\"http://www.w3.org/1999/xhtml\"><h2>AZAdverseEventIG</h2><p>The official URL for this implementation guide is: </p><pre>https://semalexa.github.io/ig-az/ImplementationGuide/example.fhir.az.ig</pre><div><p>AstraZeneca Adverse Event Implementation Guide</p>\n</div></div>"
  },
  "url": "https://semalexa.github.io/ig-az/ImplementationGuide/example.fhir.az.ig",
  "version": "0.1.0",
  "name": "AZAdverseEventIG",
  "title": "AstraZeneca Adverse Event Implementation Guide",
  "status": "active",
  "experimental": false,
  "date": "2020-12-18T04:12:40-06:00",
  "publisher": "AstraZeneca - Adverse Event Work Group",
  "contact": [
    {
      "telecom": [
        {
          "system": "url",
          "value": "https://www.astrazeneca.com"
        }
      ]
    }
  ],
  "description": "AstraZeneca Adverse Event Implementation Guide",
  "jurisdiction": [
    {
      "coding": [
        {
          "system": "http://unstats.un.org/unsd/methods/m49/m49.htm",
          "code": "001"
        }
      ]
    }
  ],
  "packageId": "example.fhir.az.ig",
  "license": "ISC",
  "fhirVersion": [
    "4.0.1"
  ],
  "definition": {
    "extension": [
      {
        "extension": [
          {
            "url": "code",
            "valueString": "copyrightyear"
          },
          {
            "url": "value",
            "valueString": "2020+"
          }
        ],
        "url": "http://hl7.org/fhir/tools/StructureDefinition/ig-parameter"
      },
      {
        "extension": [
          {
            "url": "code",
            "valueString": "releaselabel"
          },
          {
            "url": "value",
            "valueString": "CI Build"
          }
        ],
        "url": "http://hl7.org/fhir/tools/StructureDefinition/ig-parameter"
      },
      {
        "extension": [
          {
            "url": "code",
            "valueString": "path-liquid"
          },
          {
            "url": "value",
            "valueString": "templates\\liquid"
          }
        ],
        "url": "http://hl7.org/fhir/tools/StructureDefinition/ig-parameter"
      },
      {
        "extension": [
          {
            "url": "code",
            "valueString": "path-liquid"
          },
          {
            "url": "value",
            "valueString": "template/liquid"
          }
        ],
        "url": "http://hl7.org/fhir/tools/StructureDefinition/ig-parameter"
      },
      {
        "extension": [
          {
            "url": "code",
            "valueString": "path-liquid"
          },
          {
            "url": "value",
            "valueString": "input/liquid"
          }
        ],
        "url": "http://hl7.org/fhir/tools/StructureDefinition/ig-parameter"
      },
      {
        "extension": [
          {
            "url": "code",
            "valueString": "path-qa"
          },
          {
            "url": "value",
            "valueString": "temp/qa"
          }
        ],
        "url": "http://hl7.org/fhir/tools/StructureDefinition/ig-parameter"
      },
      {
        "extension": [
          {
            "url": "code",
            "valueString": "path-temp"
          },
          {
            "url": "value",
            "valueString": "temp/pages"
          }
        ],
        "url": "http://hl7.org/fhir/tools/StructureDefinition/ig-parameter"
      },
      {
        "extension": [
          {
            "url": "code",
            "valueString": "path-output"
          },
          {
            "url": "value",
            "valueString": "output"
          }
        ],
        "url": "http://hl7.org/fhir/tools/StructureDefinition/ig-parameter"
      },
      {
        "extension": [
          {
            "url": "code",
            "valueString": "path-suppressed-warnings"
          },
          {
            "url": "value",
            "valueString": "input/ignoreWarnings.txt"
          }
        ],
        "url": "http://hl7.org/fhir/tools/StructureDefinition/ig-parameter"
      },
      {
        "extension": [
          {
            "url": "code",
            "valueString": "path-history"
          },
          {
            "url": "value",
            "valueString": "https://semalexa.github.io/ig-az/history.html"
          }
        ],
        "url": "http://hl7.org/fhir/tools/StructureDefinition/ig-parameter"
      },
      {
        "extension": [
          {
            "url": "code",
            "valueString": "template-html"
          },
          {
            "url": "value",
            "valueString": "template-page.html"
          }
        ],
        "url": "http://hl7.org/fhir/tools/StructureDefinition/ig-parameter"
      },
      {
        "extension": [
          {
            "url": "code",
            "valueString": "template-md"
          },
          {
            "url": "value",
            "valueString": "template-page-md.html"
          }
        ],
        "url": "http://hl7.org/fhir/tools/StructureDefinition/ig-parameter"
      },
      {
        "extension": [
          {
            "url": "code",
            "valueString": "apply-contact"
          },
          {
            "url": "value",
            "valueString": "true"
          }
        ],
        "url": "http://hl7.org/fhir/tools/StructureDefinition/ig-parameter"
      },
      {
        "extension": [
          {
            "url": "code",
            "valueString": "apply-context"
          },
          {
            "url": "value",
            "valueString": "true"
          }
        ],
        "url": "http://hl7.org/fhir/tools/StructureDefinition/ig-parameter"
      },
      {
        "extension": [
          {
            "url": "code",
            "valueString": "apply-copyright"
          },
          {
            "url": "value",
            "valueString": "true"
          }
        ],
        "url": "http://hl7.org/fhir/tools/StructureDefinition/ig-parameter"
      },
      {
        "extension": [
          {
            "url": "code",
            "valueString": "apply-jurisdiction"
          },
          {
            "url": "value",
            "valueString": "true"
          }
        ],
        "url": "http://hl7.org/fhir/tools/StructureDefinition/ig-parameter"
      },
      {
        "extension": [
          {
            "url": "code",
            "valueString": "apply-license"
          },
          {
            "url": "value",
            "valueString": "true"
          }
        ],
        "url": "http://hl7.org/fhir/tools/StructureDefinition/ig-parameter"
      },
      {
        "extension": [
          {
            "url": "code",
            "valueString": "apply-publisher"
          },
          {
            "url": "value",
            "valueString": "true"
          }
        ],
        "url": "http://hl7.org/fhir/tools/StructureDefinition/ig-parameter"
      },
      {
        "extension": [
          {
            "url": "code",
            "valueString": "apply-version"
          },
          {
            "url": "value",
            "valueString": "true"
          }
        ],
        "url": "http://hl7.org/fhir/tools/StructureDefinition/ig-parameter"
      },
      {
        "extension": [
          {
            "url": "code",
            "valueString": "active-tables"
          },
          {
            "url": "value",
            "valueString": "true"
          }
        ],
        "url": "http://hl7.org/fhir/tools/StructureDefinition/ig-parameter"
      }
    ],
    "resource": [
      {
        "extension": [
          {
            "url": "http://hl7.org/fhir/tools/StructureDefinition/resource-information",
            "valueString": "StructureDefinition:complex-type"
          },
          {
            "url": "http://hl7.org/fhir/StructureDefinition/implementationguide-page",
            "valueUri": "StructureDefinition-hl7.fhir.ae-Address.html"
          }
        ],
        "reference": {
          "reference": "StructureDefinition/hl7.fhir.ae-Address"
        },
        "name": "AZ Address Profile",
        "description": "AZAddress"
      },
      {
        "extension": [
          {
            "url": "http://hl7.org/fhir/tools/StructureDefinition/resource-information",
            "valueString": "StructureDefinition:extension"
          },
          {
            "url": "http://hl7.org/fhir/StructureDefinition/implementationguide-page",
            "valueUri": "StructureDefinition-hl7.fhir.ae-Address-region.html"
          }
        ],
        "reference": {
          "reference": "StructureDefinition/hl7.fhir.ae-Address-region"
        },
        "name": "AZ Address Region Extension",
        "description": "hl7.fhir.ae-Address-region"
      },
      {
        "extension": [
          {
            "url": "http://hl7.org/fhir/tools/StructureDefinition/resource-information",
            "valueString": "StructureDefinition:resource"
          },
          {
            "url": "http://hl7.org/fhir/StructureDefinition/implementationguide-page",
            "valueUri": "StructureDefinition-hl7.fhir.ae-AdverseEvent.html"
          }
        ],
        "reference": {
          "reference": "StructureDefinition/hl7.fhir.ae-AdverseEvent"
        },
        "name": "AZ AdverseEvent Profile",
        "description": "AZAdverseEvent"
      },
      {
        "extension": [
          {
            "url": "http://hl7.org/fhir/tools/StructureDefinition/resource-information",
            "valueString": "StructureDefinition:extension"
          },
          {
            "url": "http://hl7.org/fhir/StructureDefinition/implementationguide-page",
            "valueUri": "StructureDefinition-hl7.fhir.ae-AdverseEvent-AZEmployeeReporter.html"
          }
        ],
        "reference": {
          "reference": "StructureDefinition/hl7.fhir.ae-AdverseEvent-AZEmployeeReporter"
        },
        "name": "AZ Employee Reporter Extension",
        "description": "hl7.fhir.ae-AdverseEvent-AZEmployeeReporter"
      },
      {
        "extension": [
          {
            "url": "http://hl7.org/fhir/tools/StructureDefinition/resource-information",
            "valueString": "StructureDefinition:extension"
          },
          {
            "url": "http://hl7.org/fhir/StructureDefinition/implementationguide-page",
            "valueUri": "StructureDefinition-hl7.fhir.ae-AdverseEvent-lateReason.html"
          }
        ],
        "reference": {
          "reference": "StructureDefinition/hl7.fhir.ae-AdverseEvent-lateReason"
        },
        "name": "AZ Late Reason Extension",
        "description": "hl7.fhir.ae-AdverseEvent-lateReason"
      },
      {
        "extension": [
          {
            "url": "http://hl7.org/fhir/tools/StructureDefinition/resource-information",
            "valueString": "StructureDefinition:extension"
          },
          {
            "url": "http://hl7.org/fhir/StructureDefinition/implementationguide-page",
            "valueUri": "StructureDefinition-hl7.fhir.ae-AdverseEvent-localReference.html"
          }
        ],
        "reference": {
          "reference": "StructureDefinition/hl7.fhir.ae-AdverseEvent-localReference"
        },
        "name": "AZ Local Ref No Extension",
        "description": "hl7.fhir.ae-AdverseEvent-localReference"
      },
      {
        "extension": [
          {
            "url": "http://hl7.org/fhir/tools/StructureDefinition/resource-information",
            "valueString": "StructureDefinition:extension"
          },
          {
            "url": "http://hl7.org/fhir/StructureDefinition/implementationguide-page",
            "valueUri": "StructureDefinition-hl7.fhir.ae-AdverseEvent-positiveDechallenge.html"
          }
        ],
        "reference": {
          "reference": "StructureDefinition/hl7.fhir.ae-AdverseEvent-positiveDechallenge"
        },
        "name": "AZ Positive Dechallenge Extension",
        "description": "hl7.fhir.ae-AdverseEvent-positiveDechallenge"
      },
      {
        "extension": [
          {
            "url": "http://hl7.org/fhir/tools/StructureDefinition/resource-information",
            "valueString": "StructureDefinition:extension"
          },
          {
            "url": "http://hl7.org/fhir/StructureDefinition/implementationguide-page",
            "valueUri": "StructureDefinition-hl7.fhir.ae-AdverseEvent-positiveRechallenge.html"
          }
        ],
        "reference": {
          "reference": "StructureDefinition/hl7.fhir.ae-AdverseEvent-positiveRechallenge"
        },
        "name": "AZ Positive Rechallenge Extension",
        "description": "hl7.fhir.ae-AdverseEvent-positiveRechallenge"
      },
      {
        "extension": [
          {
            "url": "http://hl7.org/fhir/tools/StructureDefinition/resource-information",
            "valueString": "StructureDefinition:extension"
          },
          {
            "url": "http://hl7.org/fhir/StructureDefinition/implementationguide-page",
            "valueUri": "StructureDefinition-hl7.fhir.ae-AdverseEvent-programNumber.html"
          }
        ],
        "reference": {
          "reference": "StructureDefinition/hl7.fhir.ae-AdverseEvent-programNumber"
        },
        "name": "AZ Program Number Extension",
        "description": "hl7.fhir.ae-AdverseEvent-programNumber"
      },
      {
        "extension": [
          {
            "url": "http://hl7.org/fhir/tools/StructureDefinition/resource-information",
            "valueString": "StructureDefinition:extension"
          },
          {
            "url": "http://hl7.org/fhir/StructureDefinition/implementationguide-page",
            "valueUri": "StructureDefinition-hl7.fhir.ae-AdverseEvent-rechallenge.html"
          }
        ],
        "reference": {
          "reference": "StructureDefinition/hl7.fhir.ae-AdverseEvent-rechallenge"
        },
        "name": "AZ Rechallenge Extension",
        "description": "hl7.fhir.ae-AdverseEvent-rechallenge"
      },
      {
        "extension": [
          {
            "url": "http://hl7.org/fhir/tools/StructureDefinition/resource-information",
            "valueString": "StructureDefinition:extension"
          },
          {
            "url": "http://hl7.org/fhir/StructureDefinition/implementationguide-page",
            "valueUri": "StructureDefinition-hl7.fhir.ae-AdverseEvent-reporterType.html"
          }
        ],
        "reference": {
          "reference": "StructureDefinition/hl7.fhir.ae-AdverseEvent-reporterType"
        },
        "name": "AZ Reporter Type Extension",
        "description": "hl7.fhir.ae-AdverseEvent-reporterType"
      },
      {
        "extension": [
          {
            "url": "http://hl7.org/fhir/tools/StructureDefinition/resource-information",
            "valueString": "StructureDefinition:extension"
          },
          {
            "url": "http://hl7.org/fhir/StructureDefinition/implementationguide-page",
            "valueUri": "StructureDefinition-hl7.fhir.ae-AdverseEvent-sourceType.html"
          }
        ],
        "reference": {
          "reference": "StructureDefinition/hl7.fhir.ae-AdverseEvent-sourceType"
        },
        "name": "AZ Source Type Extension",
        "description": "hl7.fhir.ae-AdverseEvent-sourceType"
      },
      {
        "extension": [
          {
            "url": "http://hl7.org/fhir/tools/StructureDefinition/resource-information",
            "valueString": "StructureDefinition:extension"
          },
          {
            "url": "http://hl7.org/fhir/StructureDefinition/implementationguide-page",
            "valueUri": "StructureDefinition-hl7.fhir.ae-AdverseEvent-surveyStatus.html"
          }
        ],
        "reference": {
          "reference": "StructureDefinition/hl7.fhir.ae-AdverseEvent-surveyStatus"
        },
        "name": "AZ Survey Status Extension",
        "description": "hl7.fhir.ae-AdverseEvent-surveyStatus"
      },
      {
        "extension": [
          {
            "url": "http://hl7.org/fhir/tools/StructureDefinition/resource-information",
            "valueString": "StructureDefinition:resource"
          },
          {
            "url": "http://hl7.org/fhir/StructureDefinition/implementationguide-page",
            "valueUri": "StructureDefinition-hl7.fhir.ae-Condition.html"
          }
        ],
        "reference": {
          "reference": "StructureDefinition/hl7.fhir.ae-Condition"
        },
        "name": "AZ Condition Profile",
        "description": "hl7.fhir.ae-Condition"
      },
      {
        "extension": [
          {
            "url": "http://hl7.org/fhir/tools/StructureDefinition/resource-information",
            "valueString": "StructureDefinition:extension"
          },
          {
            "url": "http://hl7.org/fhir/StructureDefinition/implementationguide-page",
            "valueUri": "StructureDefinition-hl7.fhir.ae-Condition-duration.html"
          }
        ],
        "reference": {
          "reference": "StructureDefinition/hl7.fhir.ae-Condition-duration"
        },
        "name": "AZ Condition Duration Extension",
        "description": "hl7.fhir.ae-Condition-duration"
      },
      {
        "extension": [
          {
            "url": "http://hl7.org/fhir/tools/StructureDefinition/resource-information",
            "valueString": "StructureDefinition:extension"
          },
          {
            "url": "http://hl7.org/fhir/StructureDefinition/implementationguide-page",
            "valueUri": "StructureDefinition-hl7.fhir.ae-Condition-outcome.html"
          }
        ],
        "reference": {
          "reference": "StructureDefinition/hl7.fhir.ae-Condition-outcome"
        },
        "name": "AZ Condition Outcome Extension",
        "description": "hl7.fhir.ae-Condition-outcome"
      },
      {
        "extension": [
          {
            "url": "http://hl7.org/fhir/tools/StructureDefinition/resource-information",
            "valueString": "StructureDefinition:extension"
          },
          {
            "url": "http://hl7.org/fhir/StructureDefinition/implementationguide-page",
            "valueUri": "StructureDefinition-hl7.fhir.ae-Condition-resultingCondition.html"
          }
        ],
        "reference": {
          "reference": "StructureDefinition/hl7.fhir.ae-Condition-resultingCondition"
        },
        "name": "AZ Resulting Condition Extension",
        "description": "hl7.fhir.ae-Condition-resultingCondition"
      },
      {
        "extension": [
          {
            "url": "http://hl7.org/fhir/tools/StructureDefinition/resource-information",
            "valueString": "StructureDefinition:extension"
          },
          {
            "url": "http://hl7.org/fhir/StructureDefinition/implementationguide-page",
            "valueUri": "StructureDefinition-hl7.fhir.ae-Condition-seriousness.html"
          }
        ],
        "reference": {
          "reference": "StructureDefinition/hl7.fhir.ae-Condition-seriousness"
        },
        "name": "AZ Condition Seriousness Extension",
        "description": "hl7.fhir.ae-Condition-seriousness"
      },
      {
        "extension": [
          {
            "url": "http://hl7.org/fhir/tools/StructureDefinition/resource-information",
            "valueString": "StructureDefinition:complex-type"
          },
          {
            "url": "http://hl7.org/fhir/StructureDefinition/implementationguide-page",
            "valueUri": "StructureDefinition-hl7.fhir.ae-HumanName.html"
          }
        ],
        "reference": {
          "reference": "StructureDefinition/hl7.fhir.ae-HumanName"
        },
        "name": "AZ HumanName Profile",
        "description": "hl7.fhir.ae-HumanName"
      },
      {
        "extension": [
          {
            "url": "http://hl7.org/fhir/tools/StructureDefinition/resource-information",
            "valueString": "StructureDefinition:extension"
          },
          {
            "url": "http://hl7.org/fhir/StructureDefinition/implementationguide-page",
            "valueUri": "StructureDefinition-hl7.fhir.ae-HumanName-salutation.html"
          }
        ],
        "reference": {
          "reference": "StructureDefinition/hl7.fhir.ae-HumanName-salutation"
        },
        "name": "AZ Name salutation Extension",
        "description": "hl7.fhir.ae-HumanName-salutation"
      },
      {
        "extension": [
          {
            "url": "http://hl7.org/fhir/tools/StructureDefinition/resource-information",
            "valueString": "StructureDefinition:resource"
          },
          {
            "url": "http://hl7.org/fhir/StructureDefinition/implementationguide-page",
            "valueUri": "StructureDefinition-hl7.fhir.ae-MedicationAdministration.html"
          }
        ],
        "reference": {
          "reference": "StructureDefinition/hl7.fhir.ae-MedicationAdministration"
        },
        "name": "AZ MedicationAdministration Profile",
        "description": "hl7.fhir.ae-MedicationAdministration"
      },
      {
        "extension": [
          {
            "url": "http://hl7.org/fhir/tools/StructureDefinition/resource-information",
            "valueString": "StructureDefinition:extension"
          },
          {
            "url": "http://hl7.org/fhir/StructureDefinition/implementationguide-page",
            "valueUri": "StructureDefinition-hl7.fhir.ae-MedicationAdministration-actionTaken.html"
          }
        ],
        "reference": {
          "reference": "StructureDefinition/hl7.fhir.ae-MedicationAdministration-actionTaken"
        },
        "name": "AZ MedicationAdministration Action Taken Extension",
        "description": "hl7.fhir.ae-MedicationAdministration-actionTaken"
      },
      {
        "extension": [
          {
            "url": "http://hl7.org/fhir/tools/StructureDefinition/resource-information",
            "valueString": "StructureDefinition:extension"
          },
          {
            "url": "http://hl7.org/fhir/StructureDefinition/implementationguide-page",
            "valueUri": "StructureDefinition-hl7.fhir.ae-MedicationAdministration-frequency.html"
          }
        ],
        "reference": {
          "reference": "StructureDefinition/hl7.fhir.ae-MedicationAdministration-frequency"
        },
        "name": "AZ MedicationAdministration Dosage Frequency Extension",
        "description": "hl7.fhir.ae-MedicationAdministration-frequency"
      },
      {
        "extension": [
          {
            "url": "http://hl7.org/fhir/tools/StructureDefinition/resource-information",
            "valueString": "StructureDefinition:extension"
          },
          {
            "url": "http://hl7.org/fhir/StructureDefinition/implementationguide-page",
            "valueUri": "StructureDefinition-hl7.fhir.ae-MedicationAdministration-operatorDevice.html"
          }
        ],
        "reference": {
          "reference": "StructureDefinition/hl7.fhir.ae-MedicationAdministration-operatorDevice"
        },
        "name": "AZ MedicationAdministration Operator Device Extension",
        "description": "hl7.fhir.ae-MedicationAdministration-operatorDevice"
      },
      {
        "extension": [
          {
            "url": "http://hl7.org/fhir/tools/StructureDefinition/resource-information",
            "valueString": "StructureDefinition:extension"
          },
          {
            "url": "http://hl7.org/fhir/StructureDefinition/implementationguide-page",
            "valueUri": "StructureDefinition-hl7.fhir.ae-MedicationAdministration-operatorDeviceOther.html"
          }
        ],
        "reference": {
          "reference": "StructureDefinition/hl7.fhir.ae-MedicationAdministration-operatorDeviceOther"
        },
        "name": "AZ MedicationAdministration Operator Device Other Extension",
        "description": "hl7.fhir.ae-MedicationAdministration-operatorDeviceOther"
      },
      {
        "extension": [
          {
            "url": "http://hl7.org/fhir/tools/StructureDefinition/resource-information",
            "valueString": "StructureDefinition:extension"
          },
          {
            "url": "http://hl7.org/fhir/StructureDefinition/implementationguide-page",
            "valueUri": "StructureDefinition-hl7.fhir.ae-MedicationAdministration-productType.html"
          }
        ],
        "reference": {
          "reference": "StructureDefinition/hl7.fhir.ae-MedicationAdministration-productType"
        },
        "name": "AZ MedicationAdministration Product Type Extension",
        "description": "hl7.fhir.ae-MedicationAdministration-productType"
      },
      {
        "extension": [
          {
            "url": "http://hl7.org/fhir/tools/StructureDefinition/resource-information",
            "valueString": "StructureDefinition:extension"
          },
          {
            "url": "http://hl7.org/fhir/StructureDefinition/implementationguide-page",
            "valueUri": "StructureDefinition-hl7.fhir.ae-MedicationAdministration-unit.html"
          }
        ],
        "reference": {
          "reference": "StructureDefinition/hl7.fhir.ae-MedicationAdministration-unit"
        },
        "name": "AZ MedicationAdministration Dosage Unit Extension",
        "description": "hl7.fhir.ae-MedicationAdministration-unit"
      },
      {
        "extension": [
          {
            "url": "http://hl7.org/fhir/tools/StructureDefinition/resource-information",
            "valueString": "StructureDefinition:resource"
          },
          {
            "url": "http://hl7.org/fhir/StructureDefinition/implementationguide-page",
            "valueUri": "StructureDefinition-hl7.fhir.ae-Observation.html"
          }
        ],
        "reference": {
          "reference": "StructureDefinition/hl7.fhir.ae-Observation"
        },
        "name": "AZ Observation Profile",
        "description": "hl7.fhir.ae-Observation"
      },
      {
        "extension": [
          {
            "url": "http://hl7.org/fhir/tools/StructureDefinition/resource-information",
            "valueString": "StructureDefinition:extension"
          },
          {
            "url": "http://hl7.org/fhir/StructureDefinition/implementationguide-page",
            "valueUri": "StructureDefinition-hl7.fhir.ae-Observation-pregnancyDueDate.html"
          }
        ],
        "reference": {
          "reference": "StructureDefinition/hl7.fhir.ae-Observation-pregnancyDueDate"
        },
        "name": "AZ Pregnancy Due Date Extension",
        "description": "hl7.fhir.ae-Observation-pregnancyDueDate"
      },
      {
        "extension": [
          {
            "url": "http://hl7.org/fhir/tools/StructureDefinition/resource-information",
            "valueString": "StructureDefinition:extension"
          },
          {
            "url": "http://hl7.org/fhir/StructureDefinition/implementationguide-page",
            "valueUri": "StructureDefinition-hl7.fhir.ae-Observation-pregnancyFlag.html"
          }
        ],
        "reference": {
          "reference": "StructureDefinition/hl7.fhir.ae-Observation-pregnancyFlag"
        },
        "name": "AZ Pregnancy Extension",
        "description": "hl7.fhir.ae-Observation-pregnancyFlag"
      },
      {
        "extension": [
          {
            "url": "http://hl7.org/fhir/tools/StructureDefinition/resource-information",
            "valueString": "StructureDefinition:extension"
          },
          {
            "url": "http://hl7.org/fhir/StructureDefinition/implementationguide-page",
            "valueUri": "StructureDefinition-hl7.fhir.ae-Observation-previousPregnanciesDetails.html"
          }
        ],
        "reference": {
          "reference": "StructureDefinition/hl7.fhir.ae-Observation-previousPregnanciesDetails"
        },
        "name": "AZ Details of previous pregnancies Extension",
        "description": "hl7.fhir.ae-Observation-previousPregnanciesDetails"
      },
      {
        "extension": [
          {
            "url": "http://hl7.org/fhir/tools/StructureDefinition/resource-information",
            "valueString": "StructureDefinition:resource"
          },
          {
            "url": "http://hl7.org/fhir/StructureDefinition/implementationguide-page",
            "valueUri": "StructureDefinition-hl7.fhir.ae-Patient.html"
          }
        ],
        "reference": {
          "reference": "StructureDefinition/hl7.fhir.ae-Patient"
        },
        "name": "AZ Patient Profile",
        "description": "hl7.fhir.ae-Patient"
      },
      {
        "extension": [
          {
            "url": "http://hl7.org/fhir/tools/StructureDefinition/resource-information",
            "valueString": "StructureDefinition:extension"
          },
          {
            "url": "http://hl7.org/fhir/StructureDefinition/implementationguide-page",
            "valueUri": "StructureDefinition-hl7.fhir.ae-Patient-ageGroup.html"
          }
        ],
        "reference": {
          "reference": "StructureDefinition/hl7.fhir.ae-Patient-ageGroup"
        },
        "name": "AZ Patient Age Group Extension",
        "description": "hl7.fhir.ae-Patient-ageGroup"
      },
      {
        "extension": [
          {
            "url": "http://hl7.org/fhir/tools/StructureDefinition/resource-information",
            "valueString": "StructureDefinition:extension"
          },
          {
            "url": "http://hl7.org/fhir/StructureDefinition/implementationguide-page",
            "valueUri": "StructureDefinition-hl7.fhir.ae-Patient-consentToContactPatient.html"
          }
        ],
        "reference": {
          "reference": "StructureDefinition/hl7.fhir.ae-Patient-consentToContactPatient"
        },
        "name": "AZ Patient Consent to Contact Extension",
        "description": "hl7.fhir.ae-Patient-consentToContactPatient"
      },
      {
        "extension": [
          {
            "url": "http://hl7.org/fhir/tools/StructureDefinition/resource-information",
            "valueString": "StructureDefinition:extension"
          },
          {
            "url": "http://hl7.org/fhir/StructureDefinition/implementationguide-page",
            "valueUri": "StructureDefinition-hl7.fhir.ae-Patient-ethnicity.html"
          }
        ],
        "reference": {
          "reference": "StructureDefinition/hl7.fhir.ae-Patient-ethnicity"
        },
        "name": "AZ Patient Ethnicity Extension",
        "description": "hl7.fhir.ae-Patient-ethnicity"
      },
      {
        "extension": [
          {
            "url": "http://hl7.org/fhir/tools/StructureDefinition/resource-information",
            "valueString": "StructureDefinition:extension"
          },
          {
            "url": "http://hl7.org/fhir/StructureDefinition/implementationguide-page",
            "valueUri": "StructureDefinition-hl7.fhir.ae-Patient-gender.html"
          }
        ],
        "reference": {
          "reference": "StructureDefinition/hl7.fhir.ae-Patient-gender"
        },
        "name": "AZ Patient Gender Extension",
        "description": "hl7.fhir.ae-Patient-gender"
      },
      {
        "extension": [
          {
            "url": "http://hl7.org/fhir/tools/StructureDefinition/resource-information",
            "valueString": "StructureDefinition:extension"
          },
          {
            "url": "http://hl7.org/fhir/StructureDefinition/implementationguide-page",
            "valueUri": "StructureDefinition-hl7.fhir.ae-Patient-patientAge.html"
          }
        ],
        "reference": {
          "reference": "StructureDefinition/hl7.fhir.ae-Patient-patientAge"
        },
        "name": "AZ Patient Age Extension",
        "description": "hl7.fhir.ae-Patient-patientAge"
      },
      {
        "extension": [
          {
            "url": "http://hl7.org/fhir/tools/StructureDefinition/resource-information",
            "valueString": "StructureDefinition:resource"
          },
          {
            "url": "http://hl7.org/fhir/StructureDefinition/implementationguide-page",
            "valueUri": "StructureDefinition-hl7.fhir.ae-Practitioner.html"
          }
        ],
        "reference": {
          "reference": "StructureDefinition/hl7.fhir.ae-Practitioner"
        },
        "name": "AZ Practitioner Profile",
        "description": "hl7.fhir.ae-Practitioner"
      },
      {
        "extension": [
          {
            "url": "http://hl7.org/fhir/tools/StructureDefinition/resource-information",
            "valueString": "StructureDefinition:extension"
          },
          {
            "url": "http://hl7.org/fhir/StructureDefinition/implementationguide-page",
            "valueUri": "StructureDefinition-hl7.fhir.ae-Practitioner-consentToContactPractitioner.html"
          }
        ],
        "reference": {
          "reference": "StructureDefinition/hl7.fhir.ae-Practitioner-consentToContactPractitioner"
        },
        "name": "AZ Practitioner Consent to Contact Extension",
        "description": "hl7.fhir.ae-Practitioner-consentToContactPractitioner"
      },
      {
        "extension": [
          {
            "url": "http://hl7.org/fhir/tools/StructureDefinition/resource-information",
            "valueString": "StructureDefinition:resource"
          },
          {
            "url": "http://hl7.org/fhir/StructureDefinition/implementationguide-page",
            "valueUri": "StructureDefinition-hl7.fhir.ae-RelatedPerson.html"
          }
        ],
        "reference": {
          "reference": "StructureDefinition/hl7.fhir.ae-RelatedPerson"
        },
        "name": "AZ RelatedPerson Profile",
        "description": "hl7.fhir.ae-RelatedPerson"
      },
      {
        "extension": [
          {
            "url": "http://hl7.org/fhir/tools/StructureDefinition/resource-information",
            "valueString": "StructureDefinition:extension"
          },
          {
            "url": "http://hl7.org/fhir/StructureDefinition/implementationguide-page",
            "valueUri": "StructureDefinition-hl7.fhir.ae-RelatedPerson-consentToContactReporter.html"
          }
        ],
        "reference": {
          "reference": "StructureDefinition/hl7.fhir.ae-RelatedPerson-consentToContactReporter"
        },
        "name": "AZ RelatedPerson Consent to Contact Extension",
        "description": "hl7.fhir.ae-RelatedPerson-consentToContactReporter"
      },
      {
        "extension": [
          {
            "url": "http://hl7.org/fhir/tools/StructureDefinition/resource-information",
            "valueString": "ValueSet"
          },
          {
            "url": "http://hl7.org/fhir/StructureDefinition/implementationguide-page",
            "valueUri": "ValueSet-hl7.fhir.ae-condition-outcome.html"
          }
        ],
        "reference": {
          "reference": "ValueSet/hl7.fhir.ae-condition-outcome"
        },
        "name": "Value set hl7.fhir.ae-condition-outcome"
      },
      {
        "extension": [
          {
            "url": "http://hl7.org/fhir/tools/StructureDefinition/resource-information",
            "valueString": "ValueSet"
          },
          {
            "url": "http://hl7.org/fhir/StructureDefinition/implementationguide-page",
            "valueUri": "ValueSet-hl7.fhir.ae-condition-seriousness.html"
          }
        ],
        "reference": {
          "reference": "ValueSet/hl7.fhir.ae-condition-seriousness"
        },
        "name": "Value set hl7.fhir.ae-condition-seriousness"
      },
      {
        "extension": [
          {
            "url": "http://hl7.org/fhir/tools/StructureDefinition/resource-information",
            "valueString": "ValueSet"
          },
          {
            "url": "http://hl7.org/fhir/StructureDefinition/implementationguide-page",
            "valueUri": "ValueSet-hl7.fhir.ae-detailed-ethnicity.html"
          }
        ],
        "reference": {
          "reference": "ValueSet/hl7.fhir.ae-detailed-ethnicity"
        },
        "name": "Value set hl7.fhir.ae-detailed-ethnicity"
      },
      {
        "extension": [
          {
            "url": "http://hl7.org/fhir/tools/StructureDefinition/resource-information",
            "valueString": "ValueSet"
          },
          {
            "url": "http://hl7.org/fhir/StructureDefinition/implementationguide-page",
            "valueUri": "ValueSet-hl7.fhir.ae-intelligent-source.html"
          }
        ],
        "reference": {
          "reference": "ValueSet/hl7.fhir.ae-intelligent-source"
        },
        "name": "Value set hl7.fhir.ae-intelligent-source"
      },
      {
        "extension": [
          {
            "url": "http://hl7.org/fhir/tools/StructureDefinition/resource-information",
            "valueString": "ValueSet"
          },
          {
            "url": "http://hl7.org/fhir/StructureDefinition/implementationguide-page",
            "valueUri": "ValueSet-hl7.fhir.ae-resulting-condition.html"
          }
        ],
        "reference": {
          "reference": "ValueSet/hl7.fhir.ae-resulting-condition"
        },
        "name": "Value set hl7.fhir.ae-resulting-condition"
      },
      {
        "extension": [
          {
            "url": "http://hl7.org/fhir/tools/StructureDefinition/resource-information",
            "valueString": "ValueSet"
          },
          {
            "url": "http://hl7.org/fhir/StructureDefinition/implementationguide-page",
            "valueUri": "ValueSet-hl7.fhir.ae-survey-status.html"
          }
        ],
        "reference": {
          "reference": "ValueSet/hl7.fhir.ae-survey-status"
        },
        "name": "Value set hl7.fhir.ae-survey-status"
      }
    ],
    "page": {
      "nameUrl": "toc.html",
      "title": "Table of Contents",
      "generation": "html",
      "page": [
        {
          "nameUrl": "index.html",
          "title": "AZ IG Home Page",
          "generation": "html"
        },
        {
          "nameUrl": "background.html",
          "title": "Background",
          "generation": "html"
        },
        {
          "nameUrl": "spec.html",
          "title": "Detailed Specification",
          "generation": "markdown"
        },
        {
          "nameUrl": "downloads.html",
          "title": "Useful Downloads",
          "generation": "html"
        }
      ]
    },
    "parameter": [
      {
        "code": "path-resource",
        "value": "input/capabilities"
      },
      {
        "code": "path-resource",
        "value": "input/examples"
      },
      {
        "code": "path-resource",
        "value": "input/extensions"
      },
      {
        "code": "path-resource",
        "value": "input/models"
      },
      {
        "code": "path-resource",
        "value": "input/operations"
      },
      {
        "code": "path-resource",
        "value": "input/profiles"
      },
      {
        "code": "path-resource",
        "value": "input/resources"
      },
      {
        "code": "path-resource",
        "value": "input/vocabulary"
      },
      {
        "code": "path-resource",
        "value": "input/maps"
      },
      {
        "code": "path-resource",
        "value": "input/testing"
      },
      {
        "code": "path-resource",
        "value": "input/history"
      },
      {
        "code": "path-resource",
        "value": "fsh-generated/resources"
      },
      {
        "code": "path-pages",
        "value": "template/config"
      },
      {
        "code": "path-pages",
        "value": "input/images"
      },
      {
        "code": "path-tx-cache",
        "value": "input-cache/txcache"
      }
    ]
  }
}