{
  "resourceType": "ValueSet",
  "id": "hl7.fhir.ae-resulting-condition",
  "text": {
    "status": "generated",
    "div": "<div xmlns=\"http://www.w3.org/1999/xhtml\"><ul><li>Include these codes as defined in <code>urn:CodeSystem:resulting-condition</code><table class=\"none\"><tr><td style=\"white-space:nowrap\"><b>Code</b></td><td><b>Display</b></td></tr><tr><td>death</td><td>Death</td></tr><tr><td>life-threat</td><td>Life Threat</td></tr><tr><td>birth-defect</td><td>Birth Defect</td></tr><tr><td>hospitalization</td><td>Hospitalization</td></tr><tr><td>disability</td><td>Disability</td></tr><tr><td>IMA</td><td>Important Medical Event</td></tr></table></li></ul></div>"
  },
  "url": "https://semalexa.github.io/ig-az/ValueSet/hl7.fhir.ae-resulting-condition",
  "version": "0.1.0",
  "name": "ResultingCondition",
  "title": "resulting condition",
  "status": "active",
  "date": "2020-12-18T10:10:37Z",
  "publisher": "AstraZeneca - Adverse Event Work Group",
  "contact": [
    {
      "telecom": [
        {
          "system": "url",
          "value": "https://www.astrazeneca.com"
        }
      ]
    }
  ],
  "jurisdiction": [
    {
      "coding": [
        {
          "system": "http://unstats.un.org/unsd/methods/m49/m49.htm",
          "code": "001"
        }
      ]
    }
  ],
  "compose": {
    "include": [
      {
        "system": "urn:CodeSystem:resulting-condition",
        "concept": [
          {
            "code": "death",
            "display": "Death"
          },
          {
            "code": "life-threat",
            "display": "Life Threat"
          },
          {
            "code": "birth-defect",
            "display": "Birth Defect"
          },
          {
            "code": "hospitalization",
            "display": "Hospitalization"
          },
          {
            "code": "disability",
            "display": "Disability"
          },
          {
            "code": "IMA",
            "display": "Important Medical Event"
          }
        ]
      }
    ]
  }
}