{"resourceType":"ImplementationGuide","id":"example.fhir.az.ig","text":{"status":"extensions","div":"<div xmlns=\"http://www.w3.org/1999/xhtml\"><h2>AZAdverseEventIG</h2><p>The official URL for this implementation guide is: </p><pre>https://semalexa.github.io/ig-az/ImplementationGuide/example.fhir.az.ig</pre><div><p>AstraZeneca Adverse Event Implementation Guide</p>\n</div></div>"},"url":"https://semalexa.github.io/ig-az/ImplementationGuide/example.fhir.az.ig","version":"0.1.0","name":"AZAdverseEventIG","title":"AstraZeneca Adverse Event Implementation Guide","status":"active","experimental":false,"date":"2020-12-18T04:12:40-06:00","publisher":"AstraZeneca - Adverse Event Work Group","contact":[{"telecom":[{"system":"url","value":"https://www.astrazeneca.com"}]}],"description":"AstraZeneca Adverse Event Implementation Guide","jurisdiction":[{"coding":[{"system":"http://unstats.un.org/unsd/methods/m49/m49.htm","code":"001"}]}],"packageId":"example.fhir.az.ig","license":"ISC","fhirVersion":["4.0.1"],"definition":{"extension":[{"extension":[{"url":"code","valueString":"copyrightyear"},{"url":"value","valueString":"2020+"}],"url":"http://hl7.org/fhir/tools/StructureDefinition/ig-parameter"},{"extension":[{"url":"code","valueString":"releaselabel"},{"url":"value","valueString":"CI Build"}],"url":"http://hl7.org/fhir/tools/StructureDefinition/ig-parameter"},{"extension":[{"url":"code","valueString":"path-liquid"},{"url":"value","valueString":"templates\\liquid"}],"url":"http://hl7.org/fhir/tools/StructureDefinition/ig-parameter"},{"extension":[{"url":"code","valueString":"path-liquid"},{"url":"value","valueString":"template/liquid"}],"url":"http://hl7.org/fhir/tools/StructureDefinition/ig-parameter"},{"extension":[{"url":"code","valueString":"path-liquid"},{"url":"value","valueString":"input/liquid"}],"url":"http://hl7.org/fhir/tools/StructureDefinition/ig-parameter"},{"extension":[{"url":"code","valueString":"path-qa"},{"url":"value","valueString":"temp/qa"}],"url":"http://hl7.org/fhir/tools/StructureDefinition/ig-parameter"},{"extension":[{"url":"code","valueString":"path-temp"},{"url":"value","valueString":"temp/pages"}],"url":"http://hl7.org/fhir/tools/StructureDefinition/ig-parameter"},{"extension":[{"url":"code","valueString":"path-output"},{"url":"value","valueString":"output"}],"url":"http://hl7.org/fhir/tools/StructureDefinition/ig-parameter"},{"extension":[{"url":"code","valueString":"path-suppressed-warnings"},{"url":"value","valueString":"input/ignoreWarnings.txt"}],"url":"http://hl7.org/fhir/tools/StructureDefinition/ig-parameter"},{"extension":[{"url":"code","valueString":"path-history"},{"url":"value","valueString":"https://semalexa.github.io/ig-az/history.html"}],"url":"http://hl7.org/fhir/tools/StructureDefinition/ig-parameter"},{"extension":[{"url":"code","valueString":"template-html"},{"url":"value","valueString":"template-page.html"}],"url":"http://hl7.org/fhir/tools/StructureDefinition/ig-parameter"},{"extension":[{"url":"code","valueString":"template-md"},{"url":"value","valueString":"template-page-md.html"}],"url":"http://hl7.org/fhir/tools/StructureDefinition/ig-parameter"},{"extension":[{"url":"code","valueString":"apply-contact"},{"url":"value","valueString":"true"}],"url":"http://hl7.org/fhir/tools/StructureDefinition/ig-parameter"},{"extension":[{"url":"code","valueString":"apply-context"},{"url":"value","valueString":"true"}],"url":"http://hl7.org/fhir/tools/StructureDefinition/ig-parameter"},{"extension":[{"url":"code","valueString":"apply-copyright"},{"url":"value","valueString":"true"}],"url":"http://hl7.org/fhir/tools/StructureDefinition/ig-parameter"},{"extension":[{"url":"code","valueString":"apply-jurisdiction"},{"url":"value","valueString":"true"}],"url":"http://hl7.org/fhir/tools/StructureDefinition/ig-parameter"},{"extension":[{"url":"code","valueString":"apply-license"},{"url":"value","valueString":"true"}],"url":"http://hl7.org/fhir/tools/StructureDefinition/ig-parameter"},{"extension":[{"url":"code","valueString":"apply-publisher"},{"url":"value","valueString":"true"}],"url":"http://hl7.org/fhir/tools/StructureDefinition/ig-parameter"},{"extension":[{"url":"code","valueString":"apply-version"},{"url":"value","valueString":"true"}],"url":"http://hl7.org/fhir/tools/StructureDefinition/ig-parameter"},{"extension":[{"url":"code","valueString":"active-tables"},{"url":"value","valueString":"true"}],"url":"http://hl7.org/fhir/tools/StructureDefinition/ig-parameter"}],"grouping":[{"id":"_str_profile","name":"Structures: Resource Profiles","description":"These define constraints on FHIR resources for systems conforming to this implementation guide"},{"id":"_str_datatype","name":"Structures: Data Type Profiles","description":"These define constraints on FHIR data types for systems conforming to this implementation guide"},{"id":"_str_extension","name":"Structures: Extension Definitions","description":"These define constraints on FHIR data types for systems conforming to this implementation guide"},{"id":"_term_valueset","name":"Terminology: Value Sets","description":"These define sets of codes used by systems conforming to this implementation guide"}],"resource":[{"extension":[{"url":"http://hl7.org/fhir/StructureDefinition/implementationguide-page","valueUri":"StructureDefinition-hl7.fhir.ae-Address.html"}],"reference":{"reference":"StructureDefinition/hl7.fhir.ae-Address"},"name":"AZ Address Profile","description":"AZAddress","groupingId":"_str_datatype"},{"extension":[{"url":"http://hl7.org/fhir/StructureDefinition/implementationguide-page","valueUri":"StructureDefinition-hl7.fhir.ae-Address-region.html"}],"reference":{"reference":"StructureDefinition/hl7.fhir.ae-Address-region"},"name":"AZ Address Region Extension","description":"hl7.fhir.ae-Address-region","groupingId":"_str_extension"},{"extension":[{"url":"http://hl7.org/fhir/StructureDefinition/implementationguide-page","valueUri":"StructureDefinition-hl7.fhir.ae-AdverseEvent.html"}],"reference":{"reference":"StructureDefinition/hl7.fhir.ae-AdverseEvent"},"name":"AZ AdverseEvent Profile","description":"AZAdverseEvent","groupingId":"_str_profile"},{"extension":[{"url":"http://hl7.org/fhir/StructureDefinition/implementationguide-page","valueUri":"StructureDefinition-hl7.fhir.ae-AdverseEvent-AZEmployeeReporter.html"}],"reference":{"reference":"StructureDefinition/hl7.fhir.ae-AdverseEvent-AZEmployeeReporter"},"name":"AZ Employee Reporter Extension","description":"hl7.fhir.ae-AdverseEvent-AZEmployeeReporter","groupingId":"_str_extension"},{"extension":[{"url":"http://hl7.org/fhir/StructureDefinition/implementationguide-page","valueUri":"StructureDefinition-hl7.fhir.ae-AdverseEvent-lateReason.html"}],"reference":{"reference":"StructureDefinition/hl7.fhir.ae-AdverseEvent-lateReason"},"name":"AZ Late Reason Extension","description":"hl7.fhir.ae-AdverseEvent-lateReason","groupingId":"_str_extension"},{"extension":[{"url":"http://hl7.org/fhir/StructureDefinition/implementationguide-page","valueUri":"StructureDefinition-hl7.fhir.ae-AdverseEvent-localReference.html"}],"reference":{"reference":"StructureDefinition/hl7.fhir.ae-AdverseEvent-localReference"},"name":"AZ Local Ref No Extension","description":"hl7.fhir.ae-AdverseEvent-localReference","groupingId":"_str_extension"},{"extension":[{"url":"http://hl7.org/fhir/StructureDefinition/implementationguide-page","valueUri":"StructureDefinition-hl7.fhir.ae-AdverseEvent-positiveDechallenge.html"}],"reference":{"reference":"StructureDefinition/hl7.fhir.ae-AdverseEvent-positiveDechallenge"},"name":"AZ Positive Dechallenge Extension","description":"hl7.fhir.ae-AdverseEvent-positiveDechallenge","groupingId":"_str_extension"},{"extension":[{"url":"http://hl7.org/fhir/StructureDefinition/implementationguide-page","valueUri":"StructureDefinition-hl7.fhir.ae-AdverseEvent-positiveRechallenge.html"}],"reference":{"reference":"StructureDefinition/hl7.fhir.ae-AdverseEvent-positiveRechallenge"},"name":"AZ Positive Rechallenge Extension","description":"hl7.fhir.ae-AdverseEvent-positiveRechallenge","groupingId":"_str_extension"},{"extension":[{"url":"http://hl7.org/fhir/StructureDefinition/implementationguide-page","valueUri":"StructureDefinition-hl7.fhir.ae-AdverseEvent-programNumber.html"}],"reference":{"reference":"StructureDefinition/hl7.fhir.ae-AdverseEvent-programNumber"},"name":"AZ Program Number Extension","description":"hl7.fhir.ae-AdverseEvent-programNumber","groupingId":"_str_extension"},{"extension":[{"url":"http://hl7.org/fhir/StructureDefinition/implementationguide-page","valueUri":"StructureDefinition-hl7.fhir.ae-AdverseEvent-rechallenge.html"}],"reference":{"reference":"StructureDefinition/hl7.fhir.ae-AdverseEvent-rechallenge"},"name":"AZ Rechallenge Extension","description":"hl7.fhir.ae-AdverseEvent-rechallenge","groupingId":"_str_extension"},{"extension":[{"url":"http://hl7.org/fhir/StructureDefinition/implementationguide-page","valueUri":"StructureDefinition-hl7.fhir.ae-AdverseEvent-reporterType.html"}],"reference":{"reference":"StructureDefinition/hl7.fhir.ae-AdverseEvent-reporterType"},"name":"AZ Reporter Type Extension","description":"hl7.fhir.ae-AdverseEvent-reporterType","groupingId":"_str_extension"},{"extension":[{"url":"http://hl7.org/fhir/StructureDefinition/implementationguide-page","valueUri":"StructureDefinition-hl7.fhir.ae-AdverseEvent-sourceType.html"}],"reference":{"reference":"StructureDefinition/hl7.fhir.ae-AdverseEvent-sourceType"},"name":"AZ Source Type Extension","description":"hl7.fhir.ae-AdverseEvent-sourceType","groupingId":"_str_extension"},{"extension":[{"url":"http://hl7.org/fhir/StructureDefinition/implementationguide-page","valueUri":"StructureDefinition-hl7.fhir.ae-AdverseEvent-surveyStatus.html"}],"reference":{"reference":"StructureDefinition/hl7.fhir.ae-AdverseEvent-surveyStatus"},"name":"AZ Survey Status Extension","description":"hl7.fhir.ae-AdverseEvent-surveyStatus","groupingId":"_str_extension"},{"extension":[{"url":"http://hl7.org/fhir/StructureDefinition/implementationguide-page","valueUri":"StructureDefinition-hl7.fhir.ae-Condition.html"}],"reference":{"reference":"StructureDefinition/hl7.fhir.ae-Condition"},"name":"AZ Condition Profile","description":"hl7.fhir.ae-Condition","groupingId":"_str_profile"},{"extension":[{"url":"http://hl7.org/fhir/StructureDefinition/implementationguide-page","valueUri":"StructureDefinition-hl7.fhir.ae-Condition-duration.html"}],"reference":{"reference":"StructureDefinition/hl7.fhir.ae-Condition-duration"},"name":"AZ Condition Duration Extension","description":"hl7.fhir.ae-Condition-duration","groupingId":"_str_extension"},{"extension":[{"url":"http://hl7.org/fhir/StructureDefinition/implementationguide-page","valueUri":"StructureDefinition-hl7.fhir.ae-Condition-outcome.html"}],"reference":{"reference":"StructureDefinition/hl7.fhir.ae-Condition-outcome"},"name":"AZ Condition Outcome Extension","description":"hl7.fhir.ae-Condition-outcome","groupingId":"_str_extension"},{"extension":[{"url":"http://hl7.org/fhir/StructureDefinition/implementationguide-page","valueUri":"StructureDefinition-hl7.fhir.ae-Condition-resultingCondition.html"}],"reference":{"reference":"StructureDefinition/hl7.fhir.ae-Condition-resultingCondition"},"name":"AZ Resulting Condition Extension","description":"hl7.fhir.ae-Condition-resultingCondition","groupingId":"_str_extension"},{"extension":[{"url":"http://hl7.org/fhir/StructureDefinition/implementationguide-page","valueUri":"StructureDefinition-hl7.fhir.ae-Condition-seriousness.html"}],"reference":{"reference":"StructureDefinition/hl7.fhir.ae-Condition-seriousness"},"name":"AZ Condition Seriousness Extension","description":"hl7.fhir.ae-Condition-seriousness","groupingId":"_str_extension"},{"extension":[{"url":"http://hl7.org/fhir/StructureDefinition/implementationguide-page","valueUri":"StructureDefinition-hl7.fhir.ae-HumanName.html"}],"reference":{"reference":"StructureDefinition/hl7.fhir.ae-HumanName"},"name":"AZ HumanName Profile","description":"hl7.fhir.ae-HumanName","groupingId":"_str_datatype"},{"extension":[{"url":"http://hl7.org/fhir/StructureDefinition/implementationguide-page","valueUri":"StructureDefinition-hl7.fhir.ae-HumanName-salutation.html"}],"reference":{"reference":"StructureDefinition/hl7.fhir.ae-HumanName-salutation"},"name":"AZ Name salutation Extension","description":"hl7.fhir.ae-HumanName-salutation","groupingId":"_str_extension"},{"extension":[{"url":"http://hl7.org/fhir/StructureDefinition/implementationguide-page","valueUri":"StructureDefinition-hl7.fhir.ae-MedicationAdministration.html"}],"reference":{"reference":"StructureDefinition/hl7.fhir.ae-MedicationAdministration"},"name":"AZ MedicationAdministration Profile","description":"hl7.fhir.ae-MedicationAdministration","groupingId":"_str_profile"},{"extension":[{"url":"http://hl7.org/fhir/StructureDefinition/implementationguide-page","valueUri":"StructureDefinition-hl7.fhir.ae-MedicationAdministration-actionTaken.html"}],"reference":{"reference":"StructureDefinition/hl7.fhir.ae-MedicationAdministration-actionTaken"},"name":"AZ MedicationAdministration Action Taken Extension","description":"hl7.fhir.ae-MedicationAdministration-actionTaken","groupingId":"_str_extension"},{"extension":[{"url":"http://hl7.org/fhir/StructureDefinition/implementationguide-page","valueUri":"StructureDefinition-hl7.fhir.ae-MedicationAdministration-frequency.html"}],"reference":{"reference":"StructureDefinition/hl7.fhir.ae-MedicationAdministration-frequency"},"name":"AZ MedicationAdministration Dosage Frequency Extension","description":"hl7.fhir.ae-MedicationAdministration-frequency","groupingId":"_str_extension"},{"extension":[{"url":"http://hl7.org/fhir/StructureDefinition/implementationguide-page","valueUri":"StructureDefinition-hl7.fhir.ae-MedicationAdministration-operatorDevice.html"}],"reference":{"reference":"StructureDefinition/hl7.fhir.ae-MedicationAdministration-operatorDevice"},"name":"AZ MedicationAdministration Operator Device Extension","description":"hl7.fhir.ae-MedicationAdministration-operatorDevice","groupingId":"_str_extension"},{"extension":[{"url":"http://hl7.org/fhir/StructureDefinition/implementationguide-page","valueUri":"StructureDefinition-hl7.fhir.ae-MedicationAdministration-operatorDeviceOther.html"}],"reference":{"reference":"StructureDefinition/hl7.fhir.ae-MedicationAdministration-operatorDeviceOther"},"name":"AZ MedicationAdministration Operator Device Other Extension","description":"hl7.fhir.ae-MedicationAdministration-operatorDeviceOther","groupingId":"_str_extension"},{"extension":[{"url":"http://hl7.org/fhir/StructureDefinition/implementationguide-page","valueUri":"StructureDefinition-hl7.fhir.ae-MedicationAdministration-productType.html"}],"reference":{"reference":"StructureDefinition/hl7.fhir.ae-MedicationAdministration-productType"},"name":"AZ MedicationAdministration Product Type Extension","description":"hl7.fhir.ae-MedicationAdministration-productType","groupingId":"_str_extension"},{"extension":[{"url":"http://hl7.org/fhir/StructureDefinition/implementationguide-page","valueUri":"StructureDefinition-hl7.fhir.ae-MedicationAdministration-unit.html"}],"reference":{"reference":"StructureDefinition/hl7.fhir.ae-MedicationAdministration-unit"},"name":"AZ MedicationAdministration Dosage Unit Extension","description":"hl7.fhir.ae-MedicationAdministration-unit","groupingId":"_str_extension"},{"extension":[{"url":"http://hl7.org/fhir/StructureDefinition/implementationguide-page","valueUri":"StructureDefinition-hl7.fhir.ae-Observation.html"}],"reference":{"reference":"StructureDefinition/hl7.fhir.ae-Observation"},"name":"AZ Observation Profile","description":"hl7.fhir.ae-Observation","groupingId":"_str_profile"},{"extension":[{"url":"http://hl7.org/fhir/StructureDefinition/implementationguide-page","valueUri":"StructureDefinition-hl7.fhir.ae-Observation-pregnancyDueDate.html"}],"reference":{"reference":"StructureDefinition/hl7.fhir.ae-Observation-pregnancyDueDate"},"name":"AZ Pregnancy Due Date Extension","description":"hl7.fhir.ae-Observation-pregnancyDueDate","groupingId":"_str_extension"},{"extension":[{"url":"http://hl7.org/fhir/StructureDefinition/implementationguide-page","valueUri":"StructureDefinition-hl7.fhir.ae-Observation-pregnancyFlag.html"}],"reference":{"reference":"StructureDefinition/hl7.fhir.ae-Observation-pregnancyFlag"},"name":"AZ Pregnancy Extension","description":"hl7.fhir.ae-Observation-pregnancyFlag","groupingId":"_str_extension"},{"extension":[{"url":"http://hl7.org/fhir/StructureDefinition/implementationguide-page","valueUri":"StructureDefinition-hl7.fhir.ae-Observation-previousPregnanciesDetails.html"}],"reference":{"reference":"StructureDefinition/hl7.fhir.ae-Observation-previousPregnanciesDetails"},"name":"AZ Details of previous pregnancies Extension","description":"hl7.fhir.ae-Observation-previousPregnanciesDetails","groupingId":"_str_extension"},{"extension":[{"url":"http://hl7.org/fhir/StructureDefinition/implementationguide-page","valueUri":"StructureDefinition-hl7.fhir.ae-Patient.html"}],"reference":{"reference":"StructureDefinition/hl7.fhir.ae-Patient"},"name":"AZ Patient Profile","description":"hl7.fhir.ae-Patient","groupingId":"_str_profile"},{"extension":[{"url":"http://hl7.org/fhir/StructureDefinition/implementationguide-page","valueUri":"StructureDefinition-hl7.fhir.ae-Patient-ageGroup.html"}],"reference":{"reference":"StructureDefinition/hl7.fhir.ae-Patient-ageGroup"},"name":"AZ Patient Age Group Extension","description":"hl7.fhir.ae-Patient-ageGroup","groupingId":"_str_extension"},{"extension":[{"url":"http://hl7.org/fhir/StructureDefinition/implementationguide-page","valueUri":"StructureDefinition-hl7.fhir.ae-Patient-consentToContactPatient.html"}],"reference":{"reference":"StructureDefinition/hl7.fhir.ae-Patient-consentToContactPatient"},"name":"AZ Patient Consent to Contact Extension","description":"hl7.fhir.ae-Patient-consentToContactPatient","groupingId":"_str_extension"},{"extension":[{"url":"http://hl7.org/fhir/StructureDefinition/implementationguide-page","valueUri":"StructureDefinition-hl7.fhir.ae-Patient-ethnicity.html"}],"reference":{"reference":"StructureDefinition/hl7.fhir.ae-Patient-ethnicity"},"name":"AZ Patient Ethnicity Extension","description":"hl7.fhir.ae-Patient-ethnicity","groupingId":"_str_extension"},{"extension":[{"url":"http://hl7.org/fhir/StructureDefinition/implementationguide-page","valueUri":"StructureDefinition-hl7.fhir.ae-Patient-gender.html"}],"reference":{"reference":"StructureDefinition/hl7.fhir.ae-Patient-gender"},"name":"AZ Patient Gender Extension","description":"hl7.fhir.ae-Patient-gender","groupingId":"_str_extension"},{"extension":[{"url":"http://hl7.org/fhir/StructureDefinition/implementationguide-page","valueUri":"StructureDefinition-hl7.fhir.ae-Patient-patientAge.html"}],"reference":{"reference":"StructureDefinition/hl7.fhir.ae-Patient-patientAge"},"name":"AZ Patient Age Extension","description":"hl7.fhir.ae-Patient-patientAge","groupingId":"_str_extension"},{"extension":[{"url":"http://hl7.org/fhir/StructureDefinition/implementationguide-page","valueUri":"StructureDefinition-hl7.fhir.ae-Practitioner.html"}],"reference":{"reference":"StructureDefinition/hl7.fhir.ae-Practitioner"},"name":"AZ Practitioner Profile","description":"hl7.fhir.ae-Practitioner","groupingId":"_str_profile"},{"extension":[{"url":"http://hl7.org/fhir/StructureDefinition/implementationguide-page","valueUri":"StructureDefinition-hl7.fhir.ae-Practitioner-consentToContactPractitioner.html"}],"reference":{"reference":"StructureDefinition/hl7.fhir.ae-Practitioner-consentToContactPractitioner"},"name":"AZ Practitioner Consent to Contact Extension","description":"hl7.fhir.ae-Practitioner-consentToContactPractitioner","groupingId":"_str_extension"},{"extension":[{"url":"http://hl7.org/fhir/StructureDefinition/implementationguide-page","valueUri":"StructureDefinition-hl7.fhir.ae-RelatedPerson.html"}],"reference":{"reference":"StructureDefinition/hl7.fhir.ae-RelatedPerson"},"name":"AZ RelatedPerson Profile","description":"hl7.fhir.ae-RelatedPerson","groupingId":"_str_profile"},{"extension":[{"url":"http://hl7.org/fhir/StructureDefinition/implementationguide-page","valueUri":"StructureDefinition-hl7.fhir.ae-RelatedPerson-consentToContactReporter.html"}],"reference":{"reference":"StructureDefinition/hl7.fhir.ae-RelatedPerson-consentToContactReporter"},"name":"AZ RelatedPerson Consent to Contact Extension","description":"hl7.fhir.ae-RelatedPerson-consentToContactReporter","groupingId":"_str_extension"},{"extension":[{"url":"http://hl7.org/fhir/StructureDefinition/implementationguide-page","valueUri":"ValueSet-hl7.fhir.ae-condition-outcome.html"}],"reference":{"reference":"ValueSet/hl7.fhir.ae-condition-outcome"},"name":"Value set hl7.fhir.ae-condition-outcome","groupingId":"_term_valueset"},{"extension":[{"url":"http://hl7.org/fhir/StructureDefinition/implementationguide-page","valueUri":"ValueSet-hl7.fhir.ae-condition-seriousness.html"}],"reference":{"reference":"ValueSet/hl7.fhir.ae-condition-seriousness"},"name":"Value set hl7.fhir.ae-condition-seriousness","groupingId":"_term_valueset"},{"extension":[{"url":"http://hl7.org/fhir/StructureDefinition/implementationguide-page","valueUri":"ValueSet-hl7.fhir.ae-detailed-ethnicity.html"}],"reference":{"reference":"ValueSet/hl7.fhir.ae-detailed-ethnicity"},"name":"Value set hl7.fhir.ae-detailed-ethnicity","groupingId":"_term_valueset"},{"extension":[{"url":"http://hl7.org/fhir/StructureDefinition/implementationguide-page","valueUri":"ValueSet-hl7.fhir.ae-intelligent-source.html"}],"reference":{"reference":"ValueSet/hl7.fhir.ae-intelligent-source"},"name":"Value set hl7.fhir.ae-intelligent-source","groupingId":"_term_valueset"},{"extension":[{"url":"http://hl7.org/fhir/StructureDefinition/implementationguide-page","valueUri":"ValueSet-hl7.fhir.ae-resulting-condition.html"}],"reference":{"reference":"ValueSet/hl7.fhir.ae-resulting-condition"},"name":"Value set hl7.fhir.ae-resulting-condition","groupingId":"_term_valueset"},{"extension":[{"url":"http://hl7.org/fhir/StructureDefinition/implementationguide-page","valueUri":"ValueSet-hl7.fhir.ae-survey-status.html"}],"reference":{"reference":"ValueSet/hl7.fhir.ae-survey-status"},"name":"Value set hl7.fhir.ae-survey-status","groupingId":"_term_valueset"}],"page":{"nameUrl":"toc.html","title":"Table of Contents","generation":"html","page":[{"nameUrl":"index.html","title":"AZ IG Home Page","generation":"html"},{"nameUrl":"background.html","title":"Background","generation":"html"},{"nameUrl":"spec.html","title":"Detailed Specification","generation":"markdown"},{"nameUrl":"downloads.html","title":"Useful Downloads","generation":"html"},{"nameUrl":"artifacts.html","title":"Artifacts Summary","generation":"html","page":[{"nameUrl":"StructureDefinition-hl7.fhir.ae-AdverseEvent.html","title":"AZ AdverseEvent Profile","generation":"generated"},{"nameUrl":"StructureDefinition-hl7.fhir.ae-Condition.html","title":"AZ Condition Profile","generation":"generated"},{"nameUrl":"StructureDefinition-hl7.fhir.ae-MedicationAdministration.html","title":"AZ MedicationAdministration Profile","generation":"generated"},{"nameUrl":"StructureDefinition-hl7.fhir.ae-Observation.html","title":"AZ Observation Profile","generation":"generated"},{"nameUrl":"StructureDefinition-hl7.fhir.ae-Patient.html","title":"AZ Patient Profile","generation":"generated"},{"nameUrl":"StructureDefinition-hl7.fhir.ae-Practitioner.html","title":"AZ Practitioner Profile","generation":"generated"},{"nameUrl":"StructureDefinition-hl7.fhir.ae-RelatedPerson.html","title":"AZ RelatedPerson Profile","generation":"generated"},{"nameUrl":"StructureDefinition-hl7.fhir.ae-Address.html","title":"AZ Address Profile","generation":"generated"},{"nameUrl":"StructureDefinition-hl7.fhir.ae-HumanName.html","title":"AZ HumanName Profile","generation":"generated"},{"nameUrl":"StructureDefinition-hl7.fhir.ae-Address-region.html","title":"AZ Address Region Extension","generation":"generated"},{"nameUrl":"StructureDefinition-hl7.fhir.ae-AdverseEvent-AZEmployeeReporter.html","title":"AZ Employee Reporter Extension","generation":"generated"},{"nameUrl":"StructureDefinition-hl7.fhir.ae-AdverseEvent-lateReason.html","title":"AZ Late Reason Extension","generation":"generated"},{"nameUrl":"StructureDefinition-hl7.fhir.ae-AdverseEvent-localReference.html","title":"AZ Local Ref No Extension","generation":"generated"},{"nameUrl":"StructureDefinition-hl7.fhir.ae-AdverseEvent-positiveDechallenge.html","title":"AZ Positive Dechallenge Extension","generation":"generated"},{"nameUrl":"StructureDefinition-hl7.fhir.ae-AdverseEvent-positiveRechallenge.html","title":"AZ Positive Rechallenge Extension","generation":"generated"},{"nameUrl":"StructureDefinition-hl7.fhir.ae-AdverseEvent-programNumber.html","title":"AZ Program Number Extension","generation":"generated"},{"nameUrl":"StructureDefinition-hl7.fhir.ae-AdverseEvent-rechallenge.html","title":"AZ Rechallenge Extension","generation":"generated"},{"nameUrl":"StructureDefinition-hl7.fhir.ae-AdverseEvent-reporterType.html","title":"AZ Reporter Type Extension","generation":"generated"},{"nameUrl":"StructureDefinition-hl7.fhir.ae-AdverseEvent-sourceType.html","title":"AZ Source Type Extension","generation":"generated"},{"nameUrl":"StructureDefinition-hl7.fhir.ae-AdverseEvent-surveyStatus.html","title":"AZ Survey Status Extension","generation":"generated"},{"nameUrl":"StructureDefinition-hl7.fhir.ae-Condition-duration.html","title":"AZ Condition Duration Extension","generation":"generated"},{"nameUrl":"StructureDefinition-hl7.fhir.ae-Condition-outcome.html","title":"AZ Condition Outcome Extension","generation":"generated"},{"nameUrl":"StructureDefinition-hl7.fhir.ae-Condition-resultingCondition.html","title":"AZ Resulting Condition Extension","generation":"generated"},{"nameUrl":"StructureDefinition-hl7.fhir.ae-Condition-seriousness.html","title":"AZ Condition Seriousness Extension","generation":"generated"},{"nameUrl":"StructureDefinition-hl7.fhir.ae-HumanName-salutation.html","title":"AZ Name salutation Extension","generation":"generated"},{"nameUrl":"StructureDefinition-hl7.fhir.ae-MedicationAdministration-actionTaken.html","title":"AZ MedicationAdministration Action Taken Extension","generation":"generated"},{"nameUrl":"StructureDefinition-hl7.fhir.ae-MedicationAdministration-frequency.html","title":"AZ MedicationAdministration Dosage Frequency Extension","generation":"generated"},{"nameUrl":"StructureDefinition-hl7.fhir.ae-MedicationAdministration-operatorDevice.html","title":"AZ MedicationAdministration Operator Device Extension","generation":"generated"},{"nameUrl":"StructureDefinition-hl7.fhir.ae-MedicationAdministration-operatorDeviceOther.html","title":"AZ MedicationAdministration Operator Device Other Extension","generation":"generated"},{"nameUrl":"StructureDefinition-hl7.fhir.ae-MedicationAdministration-productType.html","title":"AZ MedicationAdministration Product Type Extension","generation":"generated"},{"nameUrl":"StructureDefinition-hl7.fhir.ae-MedicationAdministration-unit.html","title":"AZ MedicationAdministration Dosage Unit Extension","generation":"generated"},{"nameUrl":"StructureDefinition-hl7.fhir.ae-Observation-pregnancyDueDate.html","title":"AZ Pregnancy Due Date Extension","generation":"generated"},{"nameUrl":"StructureDefinition-hl7.fhir.ae-Observation-pregnancyFlag.html","title":"AZ Pregnancy Extension","generation":"generated"},{"nameUrl":"StructureDefinition-hl7.fhir.ae-Observation-previousPregnanciesDetails.html","title":"AZ Details of previous pregnancies Extension","generation":"generated"},{"nameUrl":"StructureDefinition-hl7.fhir.ae-Patient-ageGroup.html","title":"AZ Patient Age Group Extension","generation":"generated"},{"nameUrl":"StructureDefinition-hl7.fhir.ae-Patient-consentToContactPatient.html","title":"AZ Patient Consent to Contact Extension","generation":"generated"},{"nameUrl":"StructureDefinition-hl7.fhir.ae-Patient-ethnicity.html","title":"AZ Patient Ethnicity Extension","generation":"generated"},{"nameUrl":"StructureDefinition-hl7.fhir.ae-Patient-gender.html","title":"AZ Patient Gender Extension","generation":"generated"},{"nameUrl":"StructureDefinition-hl7.fhir.ae-Patient-patientAge.html","title":"AZ Patient Age Extension","generation":"generated"},{"nameUrl":"StructureDefinition-hl7.fhir.ae-Practitioner-consentToContactPractitioner.html","title":"AZ Practitioner Consent to Contact Extension","generation":"generated"},{"nameUrl":"StructureDefinition-hl7.fhir.ae-RelatedPerson-consentToContactReporter.html","title":"AZ RelatedPerson Consent to Contact Extension","generation":"generated"},{"nameUrl":"ValueSet-hl7.fhir.ae-condition-outcome.html","title":"Value set hl7.fhir.ae-condition-outcome","generation":"generated"},{"nameUrl":"ValueSet-hl7.fhir.ae-condition-seriousness.html","title":"Value set hl7.fhir.ae-condition-seriousness","generation":"generated"},{"nameUrl":"ValueSet-hl7.fhir.ae-detailed-ethnicity.html","title":"Value set hl7.fhir.ae-detailed-ethnicity","generation":"generated"},{"nameUrl":"ValueSet-hl7.fhir.ae-intelligent-source.html","title":"Value set hl7.fhir.ae-intelligent-source","generation":"generated"},{"nameUrl":"ValueSet-hl7.fhir.ae-resulting-condition.html","title":"Value set hl7.fhir.ae-resulting-condition","generation":"generated"},{"nameUrl":"ValueSet-hl7.fhir.ae-survey-status.html","title":"Value set hl7.fhir.ae-survey-status","generation":"generated"}]}]},"parameter":[{"code":"path-resource","value":"input/capabilities"},{"code":"path-resource","value":"input/examples"},{"code":"path-resource","value":"input/extensions"},{"code":"path-resource","value":"input/models"},{"code":"path-resource","value":"input/operations"},{"code":"path-resource","value":"input/profiles"},{"code":"path-resource","value":"input/resources"},{"code":"path-resource","value":"input/vocabulary"},{"code":"path-resource","value":"input/maps"},{"code":"path-resource","value":"input/testing"},{"code":"path-resource","value":"input/history"},{"code":"path-resource","value":"fsh-generated/resources"},{"code":"path-pages","value":"template/config"},{"code":"path-pages","value":"input/images"},{"code":"path-tx-cache","value":"input-cache/txcache"}]}}