{"resourceType":"ValueSet","id":"hl7.fhir.ae-survey-status","text":{"status":"generated","div":"<div xmlns=\"http://www.w3.org/1999/xhtml\"><ul><li>Include these codes as defined in <code>urn:CodeSystem:survey-status</code><table class=\"none\"><tr><td style=\"white-space:nowrap\"><b>Code</b></td><td><b>Display</b></td></tr><tr><td>req-det</td><td>Requested detailed investigation</td></tr><tr><td>N/A</td><td>No further cooperation is available</td></tr></table></li></ul></div>"},"url":"https://semalexa.github.io/ig-az/ValueSet/hl7.fhir.ae-survey-status","version":"0.1.0","name":"SurveyStatus","title":"survey status","status":"active","date":"2020-12-18T10:10:37Z","publisher":"AstraZeneca - Adverse Event Work Group","contact":[{"telecom":[{"system":"url","value":"https://www.astrazeneca.com"}]}],"jurisdiction":[{"coding":[{"system":"http://unstats.un.org/unsd/methods/m49/m49.htm","code":"001"}]}],"compose":{"include":[{"system":"urn:CodeSystem:survey-status","concept":[{"code":"req-det","display":"Requested detailed investigation"},{"code":"N/A","display":"No further cooperation is available"}]}]}}