[
  {
    "id": "example.fhir.az.ig",
    "type": "ImplementationGuide",
    "url": "https://semalexa.github.io/ig-az/ImplementationGuide/example.fhir.az.ig",
    "version": "0.1.0",
    "name": "AZAdverseEventIG"
  },
  {
    "id": "hl7.fhir.ae-Address",
    "type": "StructureDefinition",
    "url": "https://semalexa.github.io/ig-az/StructureDefinition/hl7.fhir.ae-Address",
    "version": "0.1.0",
    "name": "AZAddressProfile"
  },
  {
    "id": "hl7.fhir.ae-Address-region",
    "type": "StructureDefinition",
    "url": "https://semalexa.github.io/ig-az/StructureDefinition/hl7.fhir.ae-Address-region",
    "version": "0.1.0",
    "name": "region"
  },
  {
    "id": "hl7.fhir.ae-AdverseEvent",
    "type": "StructureDefinition",
    "url": "https://semalexa.github.io/ig-az/StructureDefinition/hl7.fhir.ae-AdverseEvent",
    "version": "0.1.0",
    "name": "AZAdverseEventProfile"
  },
  {
    "id": "hl7.fhir.ae-AdverseEvent-AZEmployeeReporter",
    "type": "StructureDefinition",
    "url": "https://semalexa.github.io/ig-az/StructureDefinition/hl7.fhir.ae-AdverseEvent-AZEmployeeReporter",
    "version": "0.1.0",
    "name": "AZEmployeeReporter"
  },
  {
    "id": "hl7.fhir.ae-AdverseEvent-lateReason",
    "type": "StructureDefinition",
    "url": "https://semalexa.github.io/ig-az/StructureDefinition/hl7.fhir.ae-AdverseEvent-lateReason",
    "version": "0.1.0",
    "name": "lateReason"
  },
  {
    "id": "hl7.fhir.ae-AdverseEvent-localReference",
    "type": "StructureDefinition",
    "url": "https://semalexa.github.io/ig-az/StructureDefinition/hl7.fhir.ae-AdverseEvent-localReference",
    "version": "0.1.0",
    "name": "localReference"
  },
  {
    "id": "hl7.fhir.ae-AdverseEvent-positiveDechallenge",
    "type": "StructureDefinition",
    "url": "https://semalexa.github.io/ig-az/StructureDefinition/hl7.fhir.ae-AdverseEvent-positiveDechallenge",
    "version": "0.1.0",
    "name": "positiveDechallenge"
  },
  {
    "id": "hl7.fhir.ae-AdverseEvent-positiveRechallenge",
    "type": "StructureDefinition",
    "url": "https://semalexa.github.io/ig-az/StructureDefinition/hl7.fhir.ae-AdverseEvent-positiveRechallenge",
    "version": "0.1.0",
    "name": "positiveRechallenge"
  },
  {
    "id": "hl7.fhir.ae-AdverseEvent-programNumber",
    "type": "StructureDefinition",
    "url": "https://semalexa.github.io/ig-az/StructureDefinition/hl7.fhir.ae-AdverseEvent-programNumber",
    "version": "0.1.0",
    "name": "programNumber"
  },
  {
    "id": "hl7.fhir.ae-AdverseEvent-rechallenge",
    "type": "StructureDefinition",
    "url": "https://semalexa.github.io/ig-az/StructureDefinition/hl7.fhir.ae-AdverseEvent-rechallenge",
    "version": "0.1.0",
    "name": "rechallenge"
  },
  {
    "id": "hl7.fhir.ae-AdverseEvent-reporterType",
    "type": "StructureDefinition",
    "url": "https://semalexa.github.io/ig-az/StructureDefinition/hl7.fhir.ae-AdverseEvent-reporterType",
    "version": "0.1.0",
    "name": "reporterType"
  },
  {
    "id": "hl7.fhir.ae-AdverseEvent-sourceType",
    "type": "StructureDefinition",
    "url": "https://semalexa.github.io/ig-az/StructureDefinition/hl7.fhir.ae-AdverseEvent-sourceType",
    "version": "0.1.0",
    "name": "sourceType"
  },
  {
    "id": "hl7.fhir.ae-AdverseEvent-surveyStatus",
    "type": "StructureDefinition",
    "url": "https://semalexa.github.io/ig-az/StructureDefinition/hl7.fhir.ae-AdverseEvent-surveyStatus",
    "version": "0.1.0",
    "name": "surveyStatus"
  },
  {
    "id": "hl7.fhir.ae-Condition",
    "type": "StructureDefinition",
    "url": "https://semalexa.github.io/ig-az/StructureDefinition/hl7.fhir.ae-Condition",
    "version": "0.1.0",
    "name": "AZConditionProfile"
  },
  {
    "id": "hl7.fhir.ae-Condition-duration",
    "type": "StructureDefinition",
    "url": "https://semalexa.github.io/ig-az/StructureDefinition/hl7.fhir.ae-Condition-duration",
    "version": "0.1.0",
    "name": "duration"
  },
  {
    "id": "hl7.fhir.ae-Condition-outcome",
    "type": "StructureDefinition",
    "url": "https://semalexa.github.io/ig-az/StructureDefinition/hl7.fhir.ae-Condition-outcome",
    "version": "0.1.0",
    "name": "outcome"
  },
  {
    "id": "hl7.fhir.ae-Condition-resultingCondition",
    "type": "StructureDefinition",
    "url": "https://semalexa.github.io/ig-az/StructureDefinition/hl7.fhir.ae-Condition-resultingCondition",
    "version": "0.1.0",
    "name": "resultingCondition"
  },
  {
    "id": "hl7.fhir.ae-Condition-seriousness",
    "type": "StructureDefinition",
    "url": "https://semalexa.github.io/ig-az/StructureDefinition/hl7.fhir.ae-Condition-seriousness",
    "version": "0.1.0",
    "name": "seriousness"
  },
  {
    "id": "hl7.fhir.ae-HumanName",
    "type": "StructureDefinition",
    "url": "https://semalexa.github.io/ig-az/StructureDefinition/hl7.fhir.ae-HumanName",
    "version": "0.1.0",
    "name": "AZHumanNameProfile"
  },
  {
    "id": "hl7.fhir.ae-HumanName-salutation",
    "type": "StructureDefinition",
    "url": "https://semalexa.github.io/ig-az/StructureDefinition/hl7.fhir.ae-HumanName-salutation",
    "version": "0.1.0",
    "name": "salutation"
  },
  {
    "id": "hl7.fhir.ae-MedicationAdministration",
    "type": "StructureDefinition",
    "url": "https://semalexa.github.io/ig-az/StructureDefinition/hl7.fhir.ae-MedicationAdministration",
    "version": "0.1.0",
    "name": "AZMedicationAdministrationProfile"
  },
  {
    "id": "hl7.fhir.ae-MedicationAdministration-actionTaken",
    "type": "StructureDefinition",
    "url": "https://semalexa.github.io/ig-az/StructureDefinition/hl7.fhir.ae-MedicationAdministration-actionTaken",
    "version": "0.1.0",
    "name": "actionTaken"
  },
  {
    "id": "hl7.fhir.ae-MedicationAdministration-frequency",
    "type": "StructureDefinition",
    "url": "https://semalexa.github.io/ig-az/StructureDefinition/hl7.fhir.ae-MedicationAdministration-frequency",
    "version": "0.1.0",
    "name": "frequency"
  },
  {
    "id": "hl7.fhir.ae-MedicationAdministration-operatorDevice",
    "type": "StructureDefinition",
    "url": "https://semalexa.github.io/ig-az/StructureDefinition/hl7.fhir.ae-MedicationAdministration-operatorDevice",
    "version": "0.1.0",
    "name": "operatorDevice"
  },
  {
    "id": "hl7.fhir.ae-MedicationAdministration-operatorDeviceOther",
    "type": "StructureDefinition",
    "url": "https://semalexa.github.io/ig-az/StructureDefinition/hl7.fhir.ae-MedicationAdministration-operatorDeviceOther",
    "version": "0.1.0",
    "name": "operatorDeviceOther"
  },
  {
    "id": "hl7.fhir.ae-MedicationAdministration-productType",
    "type": "StructureDefinition",
    "url": "https://semalexa.github.io/ig-az/StructureDefinition/hl7.fhir.ae-MedicationAdministration-productType",
    "version": "0.1.0",
    "name": "productType"
  },
  {
    "id": "hl7.fhir.ae-MedicationAdministration-unit",
    "type": "StructureDefinition",
    "url": "https://semalexa.github.io/ig-az/StructureDefinition/hl7.fhir.ae-MedicationAdministration-unit",
    "version": "0.1.0",
    "name": "unit"
  },
  {
    "id": "hl7.fhir.ae-Observation",
    "type": "StructureDefinition",
    "url": "https://semalexa.github.io/ig-az/StructureDefinition/hl7.fhir.ae-Observation",
    "version": "0.1.0",
    "name": "AZObservationProfile"
  },
  {
    "id": "hl7.fhir.ae-Observation-pregnancyDueDate",
    "type": "StructureDefinition",
    "url": "https://semalexa.github.io/ig-az/StructureDefinition/hl7.fhir.ae-Observation-pregnancyDueDate",
    "version": "0.1.0",
    "name": "pregnancyDueDate"
  },
  {
    "id": "hl7.fhir.ae-Observation-pregnancyFlag",
    "type": "StructureDefinition",
    "url": "https://semalexa.github.io/ig-az/StructureDefinition/hl7.fhir.ae-Observation-pregnancyFlag",
    "version": "0.1.0",
    "name": "pregnancyFlag"
  },
  {
    "id": "hl7.fhir.ae-Observation-previousPregnanciesDetails",
    "type": "StructureDefinition",
    "url": "https://semalexa.github.io/ig-az/StructureDefinition/hl7.fhir.ae-Observation-previousPregnanciesDetails",
    "version": "0.1.0",
    "name": "previousPregnanciesDetails"
  },
  {
    "id": "hl7.fhir.ae-Patient",
    "type": "StructureDefinition",
    "url": "https://semalexa.github.io/ig-az/StructureDefinition/hl7.fhir.ae-Patient",
    "version": "0.1.0",
    "name": "AZPatientProfile"
  },
  {
    "id": "hl7.fhir.ae-Patient-ageGroup",
    "type": "StructureDefinition",
    "url": "https://semalexa.github.io/ig-az/StructureDefinition/hl7.fhir.ae-Patient-ageGroup",
    "version": "0.1.0",
    "name": "ageGroup"
  },
  {
    "id": "hl7.fhir.ae-Patient-consentToContactPatient",
    "type": "StructureDefinition",
    "url": "https://semalexa.github.io/ig-az/StructureDefinition/hl7.fhir.ae-Patient-consentToContactPatient",
    "version": "0.1.0",
    "name": "consentToContactPatient"
  },
  {
    "id": "hl7.fhir.ae-Patient-ethnicity",
    "type": "StructureDefinition",
    "url": "https://semalexa.github.io/ig-az/StructureDefinition/hl7.fhir.ae-Patient-ethnicity",
    "version": "0.1.0",
    "name": "ethnicity"
  },
  {
    "id": "hl7.fhir.ae-Patient-gender",
    "type": "StructureDefinition",
    "url": "https://semalexa.github.io/ig-az/StructureDefinition/hl7.fhir.ae-Patient-gender",
    "version": "0.1.0",
    "name": "gender"
  },
  {
    "id": "hl7.fhir.ae-Patient-patientAge",
    "type": "StructureDefinition",
    "url": "https://semalexa.github.io/ig-az/StructureDefinition/hl7.fhir.ae-Patient-patientAge",
    "version": "0.1.0",
    "name": "patientAge"
  },
  {
    "id": "hl7.fhir.ae-Practitioner",
    "type": "StructureDefinition",
    "url": "https://semalexa.github.io/ig-az/StructureDefinition/hl7.fhir.ae-Practitioner",
    "version": "0.1.0",
    "name": "AZPractitionerProfile"
  },
  {
    "id": "hl7.fhir.ae-Practitioner-consentToContactPractitioner",
    "type": "StructureDefinition",
    "url": "https://semalexa.github.io/ig-az/StructureDefinition/hl7.fhir.ae-Practitioner-consentToContactPractitioner",
    "version": "0.1.0",
    "name": "consentToContactPractitioner"
  },
  {
    "id": "hl7.fhir.ae-RelatedPerson",
    "type": "StructureDefinition",
    "url": "https://semalexa.github.io/ig-az/StructureDefinition/hl7.fhir.ae-RelatedPerson",
    "version": "0.1.0",
    "name": "AZRelatedPersonProfile"
  },
  {
    "id": "hl7.fhir.ae-RelatedPerson-consentToContactReporter",
    "type": "StructureDefinition",
    "url": "https://semalexa.github.io/ig-az/StructureDefinition/hl7.fhir.ae-RelatedPerson-consentToContactReporter",
    "version": "0.1.0",
    "name": "consentToContactReporter"
  },
  {
    "id": "hl7.fhir.ae-condition-outcome",
    "type": "ValueSet",
    "url": "https://semalexa.github.io/ig-az/ValueSet/hl7.fhir.ae-condition-outcome",
    "version": "0.1.0",
    "name": "ConditionOutcome"
  },
  {
    "id": "hl7.fhir.ae-condition-seriousness",
    "type": "ValueSet",
    "url": "https://semalexa.github.io/ig-az/ValueSet/hl7.fhir.ae-condition-seriousness",
    "version": "0.1.0",
    "name": "ConditionSeriousness"
  },
  {
    "id": "hl7.fhir.ae-detailed-ethnicity",
    "type": "ValueSet",
    "url": "https://semalexa.github.io/ig-az/ValueSet/hl7.fhir.ae-detailed-ethnicity",
    "version": "0.1.0",
    "name": "DetailedEthnicity"
  },
  {
    "id": "hl7.fhir.ae-intelligent-source",
    "type": "ValueSet",
    "url": "https://semalexa.github.io/ig-az/ValueSet/hl7.fhir.ae-intelligent-source",
    "version": "0.1.0",
    "name": "IntelligentSource"
  },
  {
    "id": "hl7.fhir.ae-resulting-condition",
    "type": "ValueSet",
    "url": "https://semalexa.github.io/ig-az/ValueSet/hl7.fhir.ae-resulting-condition",
    "version": "0.1.0",
    "name": "ResultingCondition"
  },
  {
    "id": "hl7.fhir.ae-survey-status",
    "type": "ValueSet",
    "url": "https://semalexa.github.io/ig-az/ValueSet/hl7.fhir.ae-survey-status",
    "version": "0.1.0",
    "name": "SurveyStatus"
  }
]