<?xml version="1.0" encoding="UTF-8"?>

<ValueSet xmlns="http://hl7.org/fhir">
  <id value="hl7.fhir.ae-intelligent-source"/>
  <text>
    <status value="generated"/><div xmlns="http://www.w3.org/1999/xhtml"><ul><li>Include these codes as defined in <code>urn:CodeSystem:intelligent-source</code><table class="none"><tr><td style="white-space:nowrap"><b>Code</b></td><td><b>Display</b></td></tr><tr><td>spont</td><td>Spontaneous</td></tr><tr><td>usage</td><td>Usage Record Survey</td></tr><tr><td>spec</td><td>Specific Use Survey</td></tr><tr><td>other</td><td>Others</td></tr></table></li></ul></div>
  </text>
  <url value="https://semalexa.github.io/ig-az/ValueSet/hl7.fhir.ae-intelligent-source"/>
  <version value="0.1.0"/>
  <name value="IntelligentSource"/>
  <title value="intelligent source"/>
  <status value="active"/>
  <date value="2020-12-18T10:10:37Z"/>
  <publisher value="AstraZeneca - Adverse Event Work Group"/>
  <contact>
    <telecom>
      <system value="url"/>
      <value value="https://www.astrazeneca.com"/>
    </telecom>
  </contact>
  <jurisdiction>
    <coding>
      <system value="http://unstats.un.org/unsd/methods/m49/m49.htm"/>
      <code value="001"/>
    </coding>
  </jurisdiction>
  <compose>
    <include>
      <system value="urn:CodeSystem:intelligent-source"/>
      <concept>
        <code value="spont"/>
        <display value="Spontaneous"/>
      </concept>
      <concept>
        <code value="usage"/>
        <display value="Usage Record Survey"/>
      </concept>
      <concept>
        <code value="spec"/>
        <display value="Specific Use Survey"/>
      </concept>
      <concept>
        <code value="other"/>
        <display value="Others"/>
      </concept>
    </include>
  </compose>
</ValueSet>