{
  "resourceType": "ValueSet",
  "id": "hl7.fhir.ae-condition-seriousness",
  "text": {
    "status": "generated",
    "div": "<div xmlns=\"http://www.w3.org/1999/xhtml\"><ul><li>Include these codes as defined in <code>urn:CodeSystem:condition-seriousness</code><table class=\"none\"><tr><td style=\"white-space:nowrap\"><b>Code</b></td><td><b>Display</b></td></tr><tr><td>less-severe</td><td>Less severe</td></tr><tr><td>recovered</td><td>Recovered</td></tr><tr><td>not-recovered</td><td>Not recovered</td></tr><tr><td>recovered-seq</td><td>Recovered with Sequela</td></tr><tr><td>death</td><td>Death</td></tr><tr><td>unknown</td><td>Unknown</td></tr></table></li></ul></div>"
  },
  "url": "https://semalexa.github.io/ig-az/ValueSet/hl7.fhir.ae-condition-seriousness",
  "version": "0.1.0",
  "name": "ConditionSeriousness",
  "title": "condition seriousness",
  "status": "active",
  "date": "2020-12-18T10:10:37Z",
  "publisher": "AstraZeneca - Adverse Event Work Group",
  "contact": [
    {
      "telecom": [
        {
          "system": "url",
          "value": "https://www.astrazeneca.com"
        }
      ]
    }
  ],
  "jurisdiction": [
    {
      "coding": [
        {
          "system": "http://unstats.un.org/unsd/methods/m49/m49.htm",
          "code": "001"
        }
      ]
    }
  ],
  "compose": {
    "include": [
      {
        "system": "urn:CodeSystem:condition-seriousness",
        "concept": [
          {
            "code": "less-severe",
            "display": "Less severe"
          },
          {
            "code": "recovered",
            "display": "Recovered"
          },
          {
            "code": "not-recovered",
            "display": "Not recovered"
          },
          {
            "code": "recovered-seq",
            "display": "Recovered with Sequela"
          },
          {
            "code": "death",
            "display": "Death"
          },
          {
            "code": "unknown",
            "display": "Unknown"
          }
        ]
      }
    ]
  }
}